['Aaban', 'Aabheer', 'Aadam', 'Aadan', 'Aadarsh', 'Aadesh', 'Aadhan', 'Aadhira', 'Aadi', 'Aadidev', 'Aadil', 'Aadinath', 'Aadir', 'Aadit', 'Aaditeya', 'Aaditya', 'Aadrian', 'Aagam', 'Aagney', 'Aagneya', 'Aahan', 'Aahlaad', 'Aahva', 'Aaidan', 'Aaiden', 'Aaidyn', 'Aakaar', 'Aakaash', 'Aakar', 'Aakarshan', 'Aalap', 'Aalok', 'Aamil', 'Aamir', 'Aamod', 'Aanand', 'Aanandswarup', 'Aandaleeb', 'Aanjaneya', 'Aapt', 'Aaraadhak', 'Aarav', 'Aarhant', 'Aaric', 'Aarif', 'Aarit', 'Aariz', 'Aarnav', 'Aaron', 'Aaronn', 'Aarpit', 'Aarron', 'Aarsh', 'Aarth', 'Aarush', 'Aaryan', 'Aashank', 'Aashay', 'Aashish', 'Aashman', 'Aashutosh', 'Aasim', 'Aastik', 'Aatish', 'Aatmaj', 'Aatreya', 'Aayan', 'Aaydan', 'Aayu', 'Aayushmaan', 'Abaan', 'Aban', 'Abasalom', 'Abba', 'Abbas', 'Abbott', 'Abbud', 'Abbudin', 'Abdalla', 'Abdallah', 'Abdalrahman', 'Abdel', 'Abdellah', 'Abdiel', 'Abdul', 'Abdul-Alim', 'Abdul-Aliyy', 'Abdul-Azeez', 'Abdul-Azim', 'Abdul-Aziz', 'Abdul-Baari', 'Abdul-Bari', 'Abdul-Basit', 'Abdul-Fattah', 'Abdul-Ghaffar', 'Abdul-Ghafoor', 'Abdul-Haafiz', 'Abdul-Hadi', 'Abdul-Hafiz', 'Abdul-Hakam', 'Abdul-Hakim', 'Abdul-Halim', 'Abdul-Hameed', 'Abdul-Hamid', 'Abdul-Haqq', 'Abdul-Haseeb', 'Abdul-Hasib', 'Abdul-Jabaar', 'Abdul-Jabbar', 'Abdul-Jaleel', 'Abdul-Jalil', 'Abdul-Karim', 'Abdul-Khaaliq', 'Abdul-Khaliq', 'Abdul-Latif', 'Abdul-Majid', 'Abdul-Malik', 'Abdul-Matin', "Abdul-Mu'izz", 'Abdul-Muhaimin', 'Abdul-Mujib', "Abdul-Muta'al", 'Abdul-Nasir', 'Abdul-Nasser', 'Abdul-Qaadir', 'Abdul-Qadir', 'Abdul-Qahaar', 'Abdul-Qahhar', 'Abdul-Quddus', 'Abdul-Qudoos', "Abdul-Ra'uf", 'Abdul-Rafi', 'Abdul-Raheem', 'Abdul-Rahim', 'Abdul-Rahman', 'Abdul-Raouf', 'Abdul-Rasheed', 'Abdul-Rashid', 'Abdul-Razaaq', 'Abdul-Razzaq', 'Abdul-Sabur', 'Abdul-Salaam', 'Abdul-Salam', 'Abdul-Samad', 'Abdul-Sami', 'Abdul-Shakur', 'Abdul-Tawwab', 'Abdul-Waahid', 'Abdul-Wadood', 'Abdul-Wadud', 'Abdul-Wahhab', 'Abdul-Wahid', 'Abdulkareem', 'Abdull', 'Abdulla', 'Abdullah', 'Abdulrahman', 'Abe', 'Abed', 'Abedin', 'Abel', 'Aben', 'Abhay', 'Abhayananda', 'Abhayaprada', 'Abheek', 'Abhi', 'Abhibhava', 'Abhicandra', 'Abhidi', 'Abhihita', 'Abhijaat', 'Abhijat', 'Abhijay', 'Abhijaya', 'Abhijeet', 'Abhijit', 'Abhijun', 'Abhijvala', 'Abhik', 'Abhilash', 'Abhimand', 'Abhimani', 'Abhimanyu', 'Abhimanyusuta', 'Abhimoda', 'Abhin', 'Abhinabhas', 'Abhinanda', 'Abhinandan', 'Abhinandana', 'Abhinatha', 'Abhinav', 'Abhinav', 'Abhinava', 'Abhinay', 'Abhineet', 'Abhinit', 'Abhinivesh', 'Abhir', 'Abhiraam', 'Abhiraj', 'Abhirath', 'Abhiruc', 'Abhirup', 'Abhisar', 'Abhishek', 'Abhisoka', 'Abhisumat', 'Abhisyanta', 'Abhivaadan', 'Abhivachan', 'Abhivanth', 'Abhivira', 'Abhra', 'Abhrakasin', 'Abhyagni', 'Abhyudaya', 'Abhyudita', 'Abid', 'Abida', 'Abie', 'Abij', 'Abijah', 'Abimanyu', 'Abin', 'Abishek', 'Abivanth', 'Abjayoni', 'Abjit', 'Abner', 'Abraam', 'Abraham', 'Abrahem', 'Abram', 'Abrasha', 'Absolom', 'Abu al Khayr', 'Abu Bakr', 'Abul Khayr', 'Acacio', 'Achal', 'Achalendra', 'Achalraj', 'Achintya', 'Achyut', 'Achyuta', 'Achyuthan', 'Ackerley', 'Ackley', 'Adam', 'Adamm', 'Adarsh', 'Adavan', 'Addai', 'Addam', 'Addan', 'Adden', 'Addiel', 'Addo', 'Addonis', 'Adeen', 'Adeep', 'Adel', 'Aden', 'Adenn', 'Adesh', 'Adham', 'Adheer', 'Adheesh', 'Adhik', 'Adhip', 'Adhiraj', 'Adhita', 'Adiba', 'Adil', 'Adinath', 'Adipurush', 'Adit', 'Aditeya', 'Adithya', 'Aditya', 'Adityanandana', 'Adityavardhana', 'Adlai', 'Adley', 'Adli', 'Admon', 'Adnan', 'Adney', 'Adon', 'Adonai', 'Adonnis', 'Adriaan', 'Adrianno', 'Adriano', 'Adriell', 'Adripathi', 'Advait', 'Advaita', 'Advay', 'Advaya', 'Advik', 'Adwaita', 'Adwaith', 'Adway', 'Adwaya', 'Afeef', 'Afif', 'Afzal', 'Agasthya', 'Agasti', 'Agastya', 'Agendra', 'Agharna', 'Aghat', 'Aghosh', 'Agneya', 'Agnimitra', 'Agniprava', 'Agnivesh', 'Agraj', 'Agrim', 'Agyeya', 'Ahan', 'Ahijah', 'Ahijit', 'Ahilan', 'Ahmaad', 'Ahmad', 'Ahmed', 'Ahmik', 'Aidann', 'Aiddan', 'Aidden', 'Aidenn', 'Aiiden', 'Ainesh', 'Airaawat', 'Aitan', 'Aja', 'Ajaat', 'Ajaatshatru', 'Ajamil', 'Ajanta', 'Ajatashatru', 'Ajay', 'Ajeet', 'Ajit', 'Ajitaabh', 'Ajitabh', 'Ajitesh', 'Ajoy', 'Akaash', 'Akalmash', 'Akalpa', 'Akand', 'Akansh', 'Akarsh', 'Akash', 'Akbar', 'Akeem', 'Akhil', 'Akhilesh', 'Akil', 'Akilesh', 'Akram', 'Akroor', 'Akshaj', 'Akshan', 'Akshansh', 'Akshar', 'Akshat', 'Akshay', 'Akshayaguna', 'Akshaykeerti', 'Akshit', 'Akshobhya', 'Akul', 'Al Abbas', 'Ala', "Ala' al din", 'Alaa', 'Alaa Udeen', 'Alaan', 'Aladdin', 'Alak', 'Alankar', 'Alann', 'Alden', 'Aldred', 'Aldrich', 'Aldwin', 'Aleksandar', 'Alessandro', 'Alex', 'Alexander', 'Alexandro', 'Alexxander', 'Alfie', 'Alford', 'Alfred', 'Alger', 'Algernon', 'Algie', 'Ali', 'Alian', 'Alibaba', 'Alif', 'Alii', 'Alijah', 'Alim', 'Aliyy', 'Allard', 'Allec', 'Allexander', 'Allijah', 'Allister', 'Allonzo', 'Alok', 'Aloke', 'Aloki', 'Alop', 'Alpesh', 'Alston', 'Altair', 'Alula', 'Alvan', 'Alvar', 'Alvin', 'Amaan', 'Amaari', 'Amad', 'Amal', 'Amalendu', 'Amalesh', 'Aman', 'Amanath', 'Amanjot', 'Amar', 'Amardeep', 'Amaresh', 'Amaris', 'Amarjeet', 'Amarnath', 'Amartya', 'Ambar', 'Ambareesh', 'Ambarish', 'Amber', 'Ambikapathi', 'Ambud', 'Ambuj', 'Ameal', 'Ameen', 'Ameer', 'Ameet', 'Ameil', 'Ameya', 'Ameyatma', 'Ami', 'Ami', 'Amid', 'Amiir', 'Amil', 'Amin', 'Amir', 'Amirr', 'Amish', 'Amit', 'Amitaabh', 'Amitabh', 'Amitabha', 'Amitava', 'Amitbikram', 'Amitesh', 'Amitiyoti', 'Amitrasudan', 'Amjad', 'Amlan', 'Amlankusum', 'Amman', 'Ammar', 'Amod', 'Amogh', 'Amol', 'Amolik', 'Amoorta', 'Amos', 'Amr', 'Amresh', 'Amrik', 'Amrish', 'Amrit', 'Amritambu', 'Amritaya', 'Amshu', 'Amshul', 'Amuk', 'Amul', 'Anaadi', 'Anadi', 'Anagh', 'Anahid', 'Anamitra', 'Anand', 'Anando', 'Anang', 'Ananmaya', 'Anant', 'Anantajeet', 'Anantram', 'Ananyo', 'Anas', 'Anathakrishnan', 'Anav', 'Anay', 'Anddy', 'Anders', 'Andersson', 'Andreas', 'Andrew', 'Anees', 'Aneesh', 'Anek', 'Anesh', 'Ang', 'Angaar', 'Angad', 'Angada', 'Angaj', 'Angak', 'Angello', 'Angus', 'Aniij', 'Anik', 'Anikait', 'Aniket', 'Anil', 'Anilaabh', 'Anilatmaja', 'Animesh', 'Animish', 'Anindya', 'Aniruddha', 'Anirudh', 'Anirudhha', 'Anirvan', 'Anirvinya', 'Anis', 'Anish', 'Anit', 'Aniteja', 'Anjal', 'Anjan', 'Anjaney', 'Anjas', 'Anjasa', 'Anjor', 'Anjuman', 'Ankal', 'Ankit', 'Ankur', 'Ankush', 'Anmol', 'Anndy', 'Annuabhuj', 'Anoop', 'Anram', 'Ansh', 'Anshu', 'Anshuk', 'Anshul', 'Anshumaan', 'Anshuman', 'Anshumat', 'Anson', 'Antariksh', 'Anthonny', 'Antim', 'Antionne', 'Antoinne', 'Antonnio', 'Antonny', 'Anubhav', 'Anuha', 'Anuhlad', 'Anuj', 'Anunay', 'Anup', 'Anupam', 'Anuraag', 'Anurag', 'Anurag', 'Anush', 'Anuttam', 'Anuva', 'Anvesh', 'Anwar', 'Apoorva', 'Appaji', 'Apparajito', 'Aprameya', 'Apuroop', 'Aran', 'Aranab', 'Arav', 'Aravali', 'Aravan', 'Aravind', 'Arbad', 'Archan', 'Archer', 'Archie', 'Archit', 'Ardhendu', 'Ardley', 'Ardon', 'Areehah', 'Arfan', 'Arghya', 'Arha', 'Arhan', 'Arhat', 'Ari', 'Ariel', 'Arif', 'Arihaan', 'Arihan', 'Arihant', 'Arij', 'Arin', 'Arindam', 'Arins', 'Arivanandhan', 'Arja', 'Arjan', 'Arjit', 'Arjun', 'Arka', 'Arkaan', 'Arkhippos', 'Arledge', 'Arley', 'Arlo', 'Armaan', 'Arman', 'Armann', 'Armon', 'Armstrong', 'Arnav', 'Arnesh', 'Arnon', 'Arnulfo', 'Aron', 'Aroon', 'Arpan', 'Arpit', 'Arri', 'Arric', 'Arrush', 'Arsenio', 'Arsh', 'Arshad', 'Artagnan', 'Arthur', 'Artie', 'Artis', 'Arul', 'Arun', 'Arunachaleshwara', 'Arvan', 'Arvin', 'Arvind', 'Aryaan', 'Aryaditya', 'Aryaman', 'Aryan', 'Aryav', 'Aryavan', 'Asad', 'Asadel', 'Asav', 'Aseem', 'Ashank', 'Ashcharya', 'Asheem', 'Asher', 'Ashesh', 'Ashfaq', 'Ashiq', 'Ashirvad', 'Ashish', 'Ashit', 'Ashlesh', 'Ashok', 'Ashraf', 'Ashray', 'Ashrith', 'Ashutosh', 'Ashvath', 'Ashvik', 'Ashvin', 'Ashwaghosh', 'Ashwat', 'Ashwath', 'Ashwatthama', 'Ashwin', 'Asif', 'Asim', 'Asit', 'Asitvaran', 'Aslesh', 'Asuman', 'Aswad', 'Aswath', 'Ata', 'Ataa', 'Atal', 'Atambhu', 'Atanu', 'Ateet', 'Atharva', 'Atharvan', 'Athrv', 'Atif', 'Atiksh', 'Atimanav', 'Atithi', 'Atkins', 'Atley', 'Atma', 'Atmajyoti', 'Atman', 'Atmanand', 'Atmananda', 'Atraiu', 'Atul', 'Atulya', 'Audie', 'Aurva', 'Austinn', 'Avadhesh', 'Avalok', 'Avaneesh', 'Avanindra', 'Avanish', 'Avashesh', 'Avasyu', 'Avatar', 'Aveer', 'Avi', 'Avichal', 'Avidan', 'Avijit', 'Avikam', 'Avilash', 'Avinash', 'Avinashi', 'Aviral', 'Avirat', 'Avish', 'Avital', 'Aviv', 'Avkash', 'Avtar', 'Avyukt', 'Avyukta', 'Awad', 'Awaz', 'Aws', 'Axeel', 'Axel', 'Axell', 'Axxel', 'Ayaan', 'Ayaaz', 'Ayas', 'Ayavanth', 'Aydann', 'Aydden', 'Aydeen', 'Ayers', 'Aylmer', 'Aylwin', 'Ayman', 'Ayog', 'Ayoob', 'Ayush', 'Ayushmaan', 'Ayyub', 'Aza', 'Azam', 'Azariah', 'Azb', 'Azeem', 'Azel', 'Azhar', 'Azhmeer', 'Azim', 'Aziz', 'Aziza', 'Azriel', 'Azzaam', 'Azzam', 'Baadal', 'Baahir', 'Baalaark', 'Baalkrishan', 'Baanbhatt', 'Baanke Bihaari', 'Baasim', 'Babala', 'Babul', 'Babulal', 'Badal', 'Badr', 'Badr al Din', 'Badr Udeen', 'Badri', 'Badrick', 'Badrinath', 'Badriprasad', 'Baha', 'Baha al Din', 'Baha Udeen', 'Bahaa', 'Bahir', 'Bahiy Udeen', 'Bahiyy', 'Bahubali', 'Bahuleya', 'Bahuliya', 'Bahumanya', 'Bahurai', 'Bail', 'Baiwab', 'Bajrang', 'Baker', 'Bakool', 'Bakul', 'Balaaditya', 'Balachandar', 'Balachandra', 'Balagopal', 'Balagovind', 'Balaji', 'Balakrishna', 'Balamani', 'Balamohan', 'Balaraj', 'Balaram', 'Balashankar', 'Balavan', 'Balbeer', 'Balbhadra', 'Balbir', 'Baldev', 'Balendu', 'Balgopal', 'Balgovind', 'Bali', 'Balraj', 'Balram', 'Baltasar', 'Balthasar', 'Balvant', 'Balveer', 'Balvindra', 'Balwant', 'Banaj', 'Banbihari', 'Bandhu', 'Bandhul', 'Bandhula', 'Baneet', 'Bani', 'Banke', 'Bankebihari', 'Bankim', 'Bankimchandra', 'Banner', 'Banshi', 'Banshidhar', 'Bansi', 'Bansilal', 'Banwari', 'Baptiste', 'Baqir', 'Barabas', 'Barak', 'Barakah', 'Barclay', 'Barden', 'Bardia', 'Barek', 'Barid', 'Barindra', 'Barnab', 'Barnabas', 'Barnaby', 'Barnes', 'Barnum', 'Baron', 'Barric', 'Barron', 'Barsaat', 'Barth', 'Bartholemew', 'Bartlet', 'Bartley', 'Barton', 'Bartt', 'Barun', 'Basaam', 'Basant', 'Basanta', 'Basavaraj', 'Basdev', 'Basel', 'Bashaar', 'Bashir', 'Bashshar', 'Basil', 'Basim', 'Basistha', 'Bassam', 'Bassett', 'Bat', 'Bathsheba', 'Batuk', 'Baxter', 'Bay', 'Bayron', 'Beacher', 'Beaman', 'Beamer', 'Beasley', 'Beaver', 'Beck', 'Bede', 'Bell', 'Ben', 'Benedict', 'Benjamen', 'Benjamin', 'Benjammin', 'Benn', 'Bennjamin', 'Benny', 'Benson', 'Bentley', 'Benton', 'Bernard', 'Bernardo', 'Berry', 'Bertie', 'Berton', 'Bertram', 'Beryl', 'Beval', 'Bhadrak', 'Bhadrakapil', 'Bhadraksh', 'Bhadrashree', 'Bhadresh', 'Bhagat', 'Bhagavaan', 'Bhagesh', 'Bhagirath', 'Bhagwant', 'Bhagyaraj', 'Bhairav', 'Bhajan', 'Bhalendra', 'Bhalendu', 'Bhanu', 'Bhanudas', 'Bhanumitra', 'Bhanuprakash', 'Bhanuprasad', 'Bharadwaj', 'Bharat', 'Bharddwaj', 'Bhargav', 'Bhargava', 'Bhargavan', 'Bhartesh', 'Bhartihari', 'Bhaskar', 'Bhasvan', 'Bhaswar', 'Bhaumik', 'Bhav', 'Bhav-bhooti', 'Bhavan', 'Bhaveeth', 'Bhavesh', 'Bhavik', 'Bhavin', 'Bhawanidas', 'Bheemsen', 'Bheesham', 'Bheru', 'Bhim', 'Bhishma', 'Bhoj', 'Bhojaraja', 'Bholanath', 'Bhoopat', 'Bhoopendra', 'Bhooshan', 'Bhooshit', 'Bhoumik', 'Bhramar', 'Bhrigu', 'Bhudev', 'Bhudhav', 'Bhuman', 'Bhumi', 'Bhupad', 'Bhupal', 'Bhupati', 'Bhupen', 'Bhupendra', 'Bhupesh', 'Bhushan', 'Bhuvan', 'Bhuvanesh', 'Bhuvaneshwar', 'Bhuvesh', 'Bibek', 'Bibhas', 'Biboswan', 'Bijal', 'Bijesh', 'Bilaal', 'Bilal', 'Billal', 'Bilva', 'Bimal', 'Bimb', 'Bimbisaar', 'Bindusar', 'Binky', 'Bipin', 'Bir', 'Birbal', 'Birch', 'Biren', 'Birendra', 'Birinder', 'Birju', 'Birtle', 'Bisaj', 'Bishop', 'Bishr', 'Blain', 'Blake', 'Blaze', 'Bo', 'Boaz', 'Bob', 'Bobby', 'Bodhan', 'Bond', 'Booker', 'Borna', 'Bosley', 'Boston', 'Boudhayan', 'Bourne', 'Brad', 'Bradd', 'Bradden', 'Bradey', 'Bradlee', 'Bradley', 'Bradly', 'Bradshaw', 'Brady', 'Bradyn', 'Braedan', 'Braeden', 'Braedon', 'Braedyn', 'Brahma', 'Brahmaanand', 'Brahmabrata', 'Brahmadutt', 'Braiden', 'Braidon', 'Brainard', 'Braj', 'Brajamohan', 'Brajendra', 'Brajesh', 'Brajraaj', 'Bramhaghosh', 'Bramhanand', 'Bramwell', 'Brandan', 'Branddon', 'Branden', 'Brandenn', 'Brandin', 'Brando', 'Brandon', 'Brandonn', 'Brandt', 'Brandyn', 'Branndon', 'Bransen', 'Branson', 'Brant', 'Brantly', 'Branton', 'Bratindra', 'Braulio', 'Braxton', 'Braxxton', 'Brayden', 'Braydenn', 'Braydon', 'Brayton', 'Brendan', 'Brendon', 'Brendyn', 'Brenen', 'Brennan', 'Brenndan', 'Brennden', 'Brenndon', 'Brennen', 'Brenner', 'Brennon', 'Brent', 'Brenten', 'Brentley', 'Brenton', 'Brentt', 'Brentton', 'Brewster', 'Brice', 'Brick', 'Bridger', 'Brighton', 'Brij', 'Brijesh', 'Brijkishor', 'Brijmohan', 'Brijnandan', 'Brijraj', 'Brinley', 'Brirar', 'Britt', 'Broc', 'Brock', 'Brockton', 'Brod', 'Brodderick', 'Broderick', 'Brodrick', 'Bromley', 'Bronson', 'Brooks', 'Bruno', 'Bryden', 'Brydon', 'Bryon', 'Brysonn', 'Bryton', 'Buck', 'Buckley', 'Bud', 'Buddha', 'Buddhadev', 'Buddhadeva', 'Buddhapriya', 'Budhil', 'Buell', 'Buford', 'Bukka', 'Bundy', 'Burdan', 'Burford', 'Burgess', 'Burhaan', 'Burhan', 'Burl', 'Burleigh', 'Burne', 'Burnett', 'Burney', 'Burr', 'Burris', 'Burt', 'Burton', 'Butcher', 'Byram', 'Byran', 'Byrd', 'Byrne', 'Byron', 'Caaden', 'Cadby', 'Cadden', 'Calder', 'Cale', 'Callum', 'Calum', 'Calvin', 'Camerron', 'Cammeron', 'Cammron', 'Carl', 'Carloss', 'Carlton', 'Carlyle', 'Carnell', 'Carrson', 'Carsen', 'Carson', 'Carter', 'Cartland', 'Carvell', 'Carver', 'Case', 'Caspar', 'Casson', 'Cater', 'Cawley', 'Caydenn', 'Cederic', 'Cedric', 'Cedrick', 'Cedrik', 'Cemal', 'Cephas', 'Chaanakya', 'Chaaruchandra', 'Chaarudatt', 'Chaaruhaas', 'Chad', 'Chadd', 'Chaddrick', 'Chadrick', 'Chahel', 'Chaika', 'Chain', 'Chaitan', 'Chaitanya', 'Chakor', 'Chakradev', 'Chakradhar', 'Chakrapaani', 'Chakravartee', 'Chakravarthi', 'Chakresh', 'Chakshan', 'Chakshu', 'Chaman', 'Chamanlal', 'Champak', 'Champion', 'Chanak', 'Chanakya', 'Chancellor', 'Chancelor', 'Chanchal', 'Chanchareek', 'Chandak', 'Chandan', 'Chandavarman', 'Chandeedaas', 'Chander', 'Chandra', 'Chandraabhaa', 'Chandraaditya', 'Chandraanan', 'Chandraayan', 'Chandrabhan', 'Chandrachur', 'Chandragupt', 'Chandrahaas', 'Chandrahas', 'Chandrak', 'Chandraketu', 'Chandrakin', 'Chandrakiran', 'Chandrakirthi', 'Chandrakishore', 'Chandrakumar', 'Chandramaadhav', 'Chandramauli', 'Chandramohan', 'Chandran', 'Chandranath', 'Chandraprakaash', 'Chandraprakash', 'Chandraraj', 'Chandrasen', 'Chandrashekar', 'Chandrashekhar', 'Chandratha', 'Chandravadan', 'Chandresh', 'Chandrodaya', 'Chandrpeed', 'Chane', 'Channce', 'Chant', 'Chanyana', 'Chapal', 'Charak', 'Charan', 'Charanjit', 'Charles', 'Charleston', 'Charlie', 'Charlles', 'Charlton', 'Charudatta', 'Charudutta', 'Charusheel', 'Charuvardhana', 'Charuvindha', 'Charuvrat', 'Chas', 'Chasse', 'Chatresh', 'Chatur', 'Chaturaanan', 'Chaturbhuj', 'Chauncey', 'Chauncy', 'Chaz', 'Chazz', 'Chester', 'Cheston', 'Chet', 'Chetak', 'Chetan', 'Chetanaanand', 'Chett', 'Chhaayank', 'Chhandak', 'Chhatrabhuj', 'Chick', 'Chidaakaash', 'Chidaatma', 'Chidambar', 'Chidananda', 'Chidhatma Big Soul', 'Chikku', 'Chiman', 'Chinar', 'Chinmay', 'Chinmayananda', 'Chinmayu', 'Chintak', 'Chintan', 'Chintav', 'Chintu', 'Chip', 'Chipper', 'Chirag', 'Chiranjeev', 'Chiranjiv', 'Chirantan', 'Chirayu', 'Chitesh', 'Chitrabaahu', 'Chitrabhanu', 'Chitragupt', 'Chitragupta', 'Chitraketu', 'Chitraksh', 'Chitral', 'Chitrarath', 'Chitrasen', 'Chitt', 'Chittaprasad', 'Chittaranjan', 'Chittaswarup', 'Chittesh', 'Cholan', 'Christiaan', 'Christianus', 'Christo', 'Christoopher', 'Christopher', 'Christophor', 'Chudamani', 'Chunmay Supreme Consciousness', 'Churchill', 'Chyavan', 'Citrya', 'Claudius', 'Clayton', 'Cleavon', 'Cleve', 'Cleveland', 'Cliff', 'Clifford', 'Cliffton', 'Clifton', 'Clint', 'Clive', 'Coady', 'Coddy', 'Codey', 'Codie', 'Cody', 'Coen', 'Colbert', 'Colbey', 'Colby', 'Cole', 'Coley', 'Colley', 'Collier', 'Colson', 'Colt', 'Coltan', 'Colten', 'Colter', 'Coltin', 'Colton', 'Coltyn', 'Connie', 'Cook', 'Corbett', 'Cordaro', 'Corderro', 'Corliss', 'Cornellius', 'Cornwallis', 'Cortland', 'Corwin', 'Coulter', 'Coy', 'Craig', 'Cramer', 'Crandall', 'Crane', 'Cranston', 'Crispin', 'Crist', 'Cristofer', 'Cristoffer', 'Crosley', 'Crowther', 'Culver', 'Curt', 'Curtiss', 'Cuthbert', 'Cyril', 'Cyrus', 'Cyruss', "Da'ud", 'Daamodar', 'Daan', 'Daaron', 'Daaruk', 'Daarun', 'Dabeet', 'Dabir', 'Dace', 'Daegel', 'Daelen', 'Dagan', 'Daha', 'Dahana', 'Daitya', 'Daivya', 'Daiwik', 'Daksh', 'Dakshesh', 'Dakshi', 'Dakshinayan', 'Dalajit', 'Dalan', 'Dalbert', 'Dalbhya', 'Dale', 'Dalen', 'Daley', 'Dalin', 'Dalit', 'Dallan', 'Dallen', 'Dallin', 'Dallon', 'Dallton', 'Dallyn', 'Dalon', 'Dalpati', 'Dalvin', 'Dalyn', 'Daman', 'Damarcus', 'Damiann', 'Dammian', 'Dammon', 'Damodar', 'Damonn', 'Dan', 'Dandak', 'Dandapaani', 'Dane', 'Daniel', 'Danielle', 'Danilo', 'Danish', 'Danish', 'Dannon', 'Danta', 'Dantee', 'Danuj', 'Danvir', 'Danyl', 'Darell', 'Daren', 'Dario', 'Darnel', 'Darnell', 'Daron', 'Daronn', 'Darpad', 'Darpak', 'Darpan', 'Darrel', 'Darrell', 'Darren', 'Darrio', 'Darrius', 'Darryll', 'Darsh', 'Darshak', 'Darshan', 'Darshil', 'Darshit', 'Daruka', 'Darvin', 'Darwin', 'Dasharath', 'Dasharathi', 'Dasmaya', 'Dathan', 'Datta', 'Dattatreya', 'Dattey', 'Daulton', 'Dave', 'David', 'Davionn', 'Davis', 'Davvid', 'Dawoud', 'Dawson', 'Dawud', 'Dax', 'Dayaal', 'Dayada', 'Dayakar', 'Dayakara', 'Dayamay', 'Dayanand', 'Dayanidhi', 'Dayaram', 'Dayasagar', 'Dayasagara', 'Dayashankar', 'Dayaswarup', 'Dayyan', 'Deaborn', 'Dean', 'Debashis', 'Debashish', 'Debjit', 'Deddrick', 'Deedrick', 'Deems', 'Deenabandhu', 'Deenadayaal', 'Deenanath', 'Deenbabdhu', 'Deep', 'Deepak', 'Deepan', 'Deepankar', 'Deependra', 'Deependu', 'Deepesh', 'Deepit', 'Deeptanshu', 'Deeptendu', 'Deeptesh', 'Deeptiman', 'Deeptimoy', 'Deerick', 'Deeshawn', 'Deevon', 'Dehabhuj', 'Del', 'Delany', 'Dell', 'Delton', 'Delvin', 'Delvon', 'Delwin', 'Demarco', 'Demarrio', 'Demonte', 'Denham', 'Denis', 'Denley', 'Dennis', 'Dennison', 'Denton', 'Denver', 'Denzell', 'Dereck', 'Deronn', 'Derreck', 'Derrek', 'Derron', 'Derwin', 'Deshad', 'Dev', 'Dev Kumar', 'Devaapi', 'Devabrata', 'Devachandra', 'Devadarshan', 'Devadas', 'Devadatt', 'Devadatta', 'Devadeva', 'Devadhipa', 'Devadutt', 'Devadyumna', 'Devagya', 'Devaj', 'Devajuta', 'Devajyoti', 'Devak', 'Devakantha', 'Devakeenandan', 'Devakumar', 'Deval', 'Devamadana', 'Devanand', 'Devang', 'Devank', 'Devansh', 'Devaraj', 'Devarpana', 'Devarsi', 'Devarya', 'Devashish', 'Devaughn', 'Devbrata', 'Devdarsh', 'Devdas', 'Devdatta', 'Devdutta', 'Deveedaas', 'Devendra', 'Devendranath', 'Devesh', 'Deveshwar', 'Devguru', 'Devi', 'Devidas', 'Devilaal', 'Devilal', 'Deviprasad', 'Devkinandan', 'Devkumar', 'Devnarayan', 'Devnath', 'Devpad', 'Devraaj', 'Devraj', 'Devrat', 'Devsena', 'Devven', 'Devvin', 'Devvrata', 'Dexter', 'Dhairya', 'Dhanajit', 'Dhananad', 'Dhananjay', 'Dhanapati', 'Dhanesh', 'Dhanraj', 'Dhansukh', 'Dhanush', 'Dhanvant', 'Dhanvantari', 'Dhanvin', 'Dhanvine', 'Dharamnishth', 'Dharanidhar', 'Dharendra', 'Dharitree', 'Dharm-mitra', 'Dharma', 'Dharmachandra', 'Dharmadaas', 'Dharmadas', 'Dharmadev', 'Dharmaditya', 'Dharmakeerti', 'Dharmaketu', 'Dharmanand', 'Dharmaraaj', 'Dharmaveer', 'Dharmendra', 'Dharmendu', 'Dharmesh', 'Dharmik', 'Dharmpaal', 'Dharmpal', 'Dharmveer', 'Dharuna', 'Dhaval', 'Dhaval', 'Dhavalachandra', 'Dhawal', 'Dheeman', 'Dheemant', 'Dheemanth', 'Dheer', 'Dheeraj', 'Dheeran', 'Dheerandra', 'Dheerendra', 'Dheivamani', 'Dhevan', 'Dhevaneyan', 'Dhikshit', 'Dhilan', 'Dhimant', 'Dhinanta', 'Dhipin', 'Dhir', 'Dhiraj', 'Dhiren', 'Dhirendra', 'Dhritiman', 'Dhritul', 'Dhrupad', 'Dhruv', 'Dhruva', 'Dhul Fiqaar', 'Dhul Fiqar', 'Dhyaan', 'Dhyanesh', 'Dhyaneshwar', 'Dickson', 'Dieudonn', 'Digambar', 'Digamber', 'Digant', 'Digvastra', 'Digvijay', 'Dikshan', 'Dilawar', 'Dilber', 'Dileep', 'Dilip', 'Dinakar', 'Dinanath', 'Dinapati', 'Dinar', 'Dindayal', 'Dinendra', 'Dinesh', 'Dinkar', 'Dino', 'Dinpal', 'Dionn', 'Dipen', 'Dipendu', 'Dipesh', 'Diptanshu', 'Dirk', 'Divaakar', 'Divakar', 'Divit', 'Divyam', 'Divyanga', 'Divyanshu', 'Divyendu', 'Divyesh', 'Dixon', 'Diya al Din', 'Diyaa Udeen', 'Doane', 'Dob', 'Dominic', 'Dominicc', 'Domminic', 'Domminick', 'Donnald', 'Donnovan', 'Donovann', 'Doron', 'Dov', 'Drake', 'Dre', 'Drew', 'Dron', 'Dru', 'Drue', 'Drupad', 'Dryden', 'Dudd', 'Duddu', 'Dudley', 'Dulal', 'Dunley', 'Dur', 'Duranjaya', 'Durell', 'Durgadas', 'Durgadutt', 'Durgesh', 'Durijesh', 'Durja', 'Durjaya', 'Durmada', 'Durrell', 'Durvesh', 'Durvish', 'Durwin', 'Dushyant', 'Dushyanta', 'Dustin', 'Dusty', 'Dvimidha', 'Dwaaraka-nath', 'Dwaipayan', 'Dwaraka-daas', 'Dwarakaa', 'Dwight', 'Dwijaraj', 'Dwijendra', 'Dwijesh', 'Dyer', 'Dyke', 'Dyotin', 'Dyson', 'Dyuksa', 'Dyumani', 'Dyumat', 'Dyumna', 'Dyutit', 'Ean', 'Eann', 'Earl', 'Earnest', 'Eashan', 'Eban', 'Ebenezer', 'Ebner', 'Ebrahim', 'Ed', 'Edbert', 'Eddie', 'Eddison', 'Eddward', 'Eddy', 'Eden', 'Edgar', 'Edgard', 'Edgardo', 'Edhas', 'Edi', 'Edison', 'Edisson', 'Edmond', 'Edmund', 'Ednit', 'Edric', 'Edsel', 'Edson', 'Edward', 'Edwardd', 'Edwin', 'Edwinn', 'Eeshwar', 'Effren', 'Efrat', 'Efrem', 'Efren', 'Egbert', 'Eha', 'Ehimay', 'Eisa', 'Eisig', 'Eitan', 'Eka', 'Ekaaksh', 'Ekaakshara', 'Ekaant', 'Ekaatmaa', 'Ekachakra', 'Ekachandra', 'Ekachith', 'Ekadant', 'Ekagrah', 'Ekaksha', 'Ekalavya', 'Ekaling', 'Ekalinga', 'Ekambar', 'Ekamveer', 'Ekana', 'Ekanath', 'Ekanga', 'Ekani', 'Ekansh', 'Ekapad', 'Ekaraj', 'Ekatan', 'Ekavir', 'Ekavira', 'Ekayavan', 'Ekbal', 'Eklavya', 'Eknath', 'Ekodar', 'Ekram', 'Elbert', 'Elden', 'Elder', 'Eldon', 'Eldred', 'Eldwin', 'Elgin', 'Eli', 'Eliah', 'Eliam', 'Elian', 'Elias', 'Eliezer', 'Elii', 'Eliijah', 'Elijaah', 'Elijah', 'Elijahh', 'Elijha', 'Elio', 'Eliot', 'Eliott', 'Elisee', 'Eliseo', 'Eljah', 'Ellian', 'Ellias', 'Ellijah', 'Elliot', 'Elliott', 'Ellis', 'Ellsworth', 'Elmer', 'Elmore', 'Eloy', 'Elston', 'Elton', 'Elvin', 'Elvy', 'Ely', 'Eman', 'Emanuel', 'Emilliano', 'Emillio', 'Emir', 'Emmanuel', 'Emmiliano', 'Enoch', 'Enrrique', 'Enzo', 'Enzzo', 'Eoin', 'Ephrem', 'Eran', 'Eric', 'Ericc', 'Erick', 'Erickson', 'Erikk', 'Erland', 'Erling', 'Ernest', 'Ernie', 'Eron', 'Erric', 'Errick', 'Errik', 'Errol', 'Ervin', 'Ervine', 'Erwin', 'Esam', 'Esav', 'Esh', 'Eshaan', 'Eshan', 'Eshwar', 'Eshwardutt', 'Esmond', 'Essam', 'Etan', 'Etash', 'Ethan', 'Ethann', 'Ethen', 'Ettan', 'Eugenio', 'Evaan', 'Evan', 'Evyavan', 'Ewald', 'Ewan', 'Ewert', 'Ewing', 'Eyad', 'Eyal', 'Ezekial', 'Ezekiel', 'Ezequiel', 'Ezio', 'Ezra', 'Faakhir', 'Faaris', 'Faarooq', 'Faaz', 'Fadi', 'Fadil', 'Fadl', 'Fadl Ullah', 'Fahad', 'Fahd', 'Faisal', 'Faizal', 'Faizan', 'Faizeen', 'Fakhir', 'Fakhiri', 'Fakhry', 'Fakih', 'Falgu', 'Falguni', 'Falito', 'Fane', 'Fanibhusan', 'Fanibhushan', 'Fanindra', 'Fanish', 'Fanishwar', 'Fareed', 'Fareeq', 'Farhaan', 'Farhad', 'Farhan', 'Farid', 'Fariq', 'Faris', 'Farley', 'Farnell', 'Farnley', 'Faron', 'Farooq', 'Farr', 'Farrow', 'Faruq', 'Fateen', 'Fath', 'Fathi', 'Fatin', 'Fawad', 'Fawaz', 'Fawwaz', 'Fawzi', 'Fayaz', 'Faysal', 'Feivel', 'Felix', 'Fellipe', 'Felton', 'Fenil', 'Fenton', 'Fergus', 'Feroz', 'Ferran', 'Fida', 'Fidaa', 'Fidel', 'Field', 'Filbert', 'Filip', 'Fillip', 'Finnlay', 'Firaas', 'Firas', 'Firth', 'Fischer', 'Fisher', 'Fiske', 'Fitch', 'Fitz', 'Fitzhugh', 'Fleming', 'Fletcher', 'Flint', 'Floyd', 'Flurry', 'Ford', 'Forester', 'Forestt', 'Forrestt', 'Fouad', 'Fowler', 'Francesco', 'Francis', 'Franco', 'Frank', 'Frankie', 'Franklin', 'Franklyn', 'Franky', 'Fraser', 'Fravash', 'Frayne', 'Fredderick', 'Freddrick', 'Freeborn', 'Freeman', 'Frewin', 'Frey', 'Frick', 'Fridolf', 'Fuad', 'Fudail', 'Fulton', 'Gabai', 'Gabe', 'Gaddiel', 'Gadhadhar', 'Gadiel', 'Gadin', 'Gaery', 'Gagan', 'Gagan', 'Gagandeep', 'Gaganvihari', 'Gagnesh', 'Gajaadhar', 'Gajanan', 'Gajanand', 'Gajbaahu', 'Gajdant', 'Gajendra', 'Gajendranath', 'Gajkaran', 'Gajpati', 'Gajrup', 'Gajvadan', 'Galton', 'Gamal', 'Gamali', 'Gambheer', 'Ganak', 'Ganaka', 'Ganapati', 'Ganaraj', 'Gandesha', 'Gandhaa', 'Gandhar', 'Gandharaj', 'Gandharv', 'Gandharva', 'Gandhi', 'Gandhik', 'Gandira', 'Gandiva', 'Ganendra', 'Ganesh', 'Gangadatt', 'Gangadhar', 'Gangadutt', 'Gangesh', 'Gangesha', 'Gangeya', 'Gangol', 'Ganit', 'Ganjan', 'Gannaath', 'Gannon', 'Gar', 'Garen', 'Garett', 'Garg', 'Garin', 'Garion', 'Garisht', 'Garjan', 'Garman', 'Garnet', 'Garnett', 'Garrad', 'Garren', 'Garreth', 'Garrick', 'Garrin', 'Garrison', 'Garry', 'Garson', 'Garth', 'Garud', 'Garv', 'Garvin', 'Gary', 'Gatik', 'Gauge', 'Gaurang', 'Gaurav', 'Gauresh', 'Gaurikant', 'Gaurinandan', 'Gaurinath', 'Gaurish', 'Gaurishankar', 'Gaurisuta', 'Gautam', 'Gaveshan', 'Gavinn', 'Gavisht', 'Gavvin', 'Gavynn', 'Gayak', 'Gayan', 'Geet', 'Geffrey', 'Genesis', 'Gent', 'Genty', 'Geoff', 'Geraldo', 'Gerard', 'Gerome', 'Gerrald', 'Gerrard', 'Gerrod', 'Gerry', 'Gersham', 'Gerson', 'Geyarajan', 'Ghaalib', 'Ghaazi', 'Ghalib', 'Ghanaanand', 'Ghanashyam', 'Ghanendra', 'Ghanshyam', 'Ghasaan', 'Ghassan', 'Ghazi', 'Ghiyaath', 'Ghiyath', 'Giancarlo', 'Gianncarlo', 'Gib', 'Gibson', 'Giddeon', 'Gig', 'Gil', 'Gilbert', 'Gillean', 'Gilmer', 'Gilon', 'Ginno', 'Giovanii', 'Gipsy', 'Girdhari', 'Giri', 'Giridari', 'Giridhar', 'Girijanandan', 'Girik', 'Girilal', 'Girindra', 'Giriraj', 'Girish', 'Girivar', 'Girvaan', 'Gitashri', 'Giuseppe', 'Givon', 'Gladwin', 'Gleen', 'Gobhil', 'Godwin', 'Gogula', 'Gokul', 'Goldwin', 'Gomer', 'Gonzalo', 'Gopal', 'Gopan', 'Gopesh', 'Gopi', 'Gopichand', 'Gorakh', 'Gorakh-naath', 'Goral', 'Gordon', 'Gordy', 'Gore', 'Goswamee', 'Gourishankar', 'Goutam', 'Govardhan', 'Govind', 'Govinda', 'Graddy', 'Graeme', 'Graham', 'Grahish', 'Grant', 'Granthik', 'Grantley', 'Gray', 'Grayden', 'Graydon', 'Graydon', 'Graysen', 'Grayson', 'Greeley', 'Greggory', 'Gregory', 'Gresham', 'Grey', 'Greydon', 'Greyson', 'Grihith', 'Grimshaw', 'Grishm', 'Grover', 'Gruhit', 'Gudakesha', 'Guhya', 'Guifford', 'Gul', 'Gulab', 'Gulal', 'Gulshan', 'Gulzar', 'Gulzarilal', 'Guna', 'Gunaakar', 'Gunagya', 'Gunaja', 'Gunalan', 'Gunamay', 'Gunaratna', 'Gunayukth', 'Gunin', 'Gunina', 'Gunjan', 'Gunner', 'Gunvant', 'Gunwant', 'Gupil', 'Gur', 'Gurbachan', 'Gurcharan', 'Gurdayal', 'Gurdeep', 'Gurjas', 'Gurjop', 'Gurman', 'Gurmeet', 'Gurmukh', 'Gurnam', 'Gurpreet', 'Gursan', 'Gursharan', 'Guru', 'Gurubachan', 'Gurucharan', 'Gurudas', 'Gurudatt', 'Gurudutt', 'Gurusharan', 'Guruttam', 'Gyan', 'Gyandev', 'Haady', 'Haakim', 'Haamid', 'Haani', 'Haarith', 'Haaroon', 'Haashim', 'Haatim', 'Habib', 'Hadden', 'Haden', 'Hadi', 'Hadriel', 'Hadwin', 'Hafeez', 'Hafiz', 'Hagley', 'Haiden', 'Haig', 'Haines', 'Haji', 'Hakeem', 'Hakeim', 'Hakem', 'Hakesh', 'Hakiem', 'Hakim', 'Hal', 'Halbert', 'Hale', 'Halford', 'Halim', 'Hall', 'Hallam', 'Hallan', 'Halton', 'Ham', 'Hamal', 'Hamdan', 'Hamid', 'Hamill', 'Hamilton', 'Hamish', 'Hammad', 'Hammet', 'Hammond', 'Hampton', 'Hamsa', 'Hamshad', 'Hamza', 'Hamzah', 'Hanbal', 'Handel', 'Haney', 'Hani', 'Hanif', 'Hank', 'Hanley', 'Hannibal', 'Hanns', 'Hans', 'Hansaraj', 'Hanshal', 'Hansin', 'Hansraaj', 'Hanuman', 'Hanumant', 'Har', 'Hara', 'Harden', 'Hardik', 'Harding', 'Hardwin', 'Hareendra', 'Hareesh', 'Harekrishna', 'Harendra', 'Haresh', 'Harford', 'Hari', 'Hariaksa', 'Haricharan', 'Haridas', 'Harigopal', 'Harihar', 'Harij', 'Harikanth', 'Harikrishna', 'Harilal', 'Harim', 'Harinaksh', 'Harinarayan', 'Harindra', 'Harindranath', 'Hariom', 'Hariprasad', 'Haripreet', 'Hariraj', 'Hariram', 'Haris', 'Harish', 'Harishankar', 'Harishchandra', 'Harit', 'Haritbaran', 'Harivansh', 'Harivilaas', 'Harjeet', 'Harjit', 'Harkrishna', 'Harlan', 'Harlow', 'Harman', 'Harman', 'Harmendra', 'Harmon', 'Harold', 'Haroon', 'Haroun', 'Harper', 'Harrey', 'Harris', 'Harrison', 'Harrold', 'Harry', 'Harsh', 'Harshad', 'Harshal', 'Harshaman', 'Harshan', 'Harshavardhan', 'Harshdeep', 'Harshil', 'Harshit', 'Harshith', 'Harshul', 'Harshvardhan', 'Hart', 'Harteij', 'Hartley', 'Harun', 'Harvir', 'Hary', 'Hasan', 'Hashim', 'Hasim', 'Hasit', 'Haslett', 'Hasmukh', 'Hassan', 'Hassel', 'Hastin', 'Hatim', 'Havish', 'Hawk', 'Hawley', 'Hayden', 'Haydn', 'Haydon', 'Hayes', 'Haytham', 'Hazrat', 'Heath', 'Heaton', 'Hedley', 'Hehu', 'Hem', 'Hemaadri', 'Hemachandra', 'Hemadri', 'Hemakesh', 'Hemal', 'Hemamdar', 'Hemang', 'Hemanga', 'Hemant', 'Hemaprakash', 'Hemaprasad', 'Hemaraj', 'Hemavatinandan', 'Hemchander', 'Hemdev', 'Hemen', 'Hemendra', 'Hemendu', 'Hemish', 'Hemraaj', 'Hemraj', 'Henley', 'Hennry', 'Henrry', 'Henry', 'Heramb', 'Heramba', 'Hermann', 'Hernan', 'Herschel', 'Hetal', 'Hewson', 'Hilal', 'Hilel', 'Himaadri', 'Himaanshu', 'Himachal', 'Himadri', 'Himaghna', 'Himalay', 'Himanish', 'Himank', 'Himanshu', 'Himmat', 'Himnish', 'Hindola', 'Hira', 'Hiranmay', 'Hiranmaya', 'Hiranya', 'Hiranyak', 'Hiren', 'Hirendra', 'Hiresh', 'Hisham', 'Hitansh', 'Hitarth', 'Hiten', 'Hitendra', 'Hitesh', 'Hobson', 'Hodgson', 'Holbrook', 'Holden', 'Holmes', 'Holt', 'Hommer', 'Horrace', 'Horton', 'Hosea', 'Houd', 'Howard', 'Howie', 'Hrehaan', 'Hriday', 'Hridayanand', 'Hridayanath', 'Hridayesh', 'Hridaynath', 'Hridyanshu', 'Hriman', 'Hrishi', 'Hrishikesh', 'Hrithik', 'Hritik', 'Hryday', 'Hrydayesh', 'Hubbert', 'Hubie', 'Hud', 'Hudhayfah', 'Hudson', 'Huey', 'Hugh', 'Humam', 'Hung', 'Huntley', 'Huntter', 'Hurditya', 'Hurst', 'Husaam', 'Husain', 'Husam', 'Husam al Din', 'Husayn', 'Hussain', 'Hussein', 'Huston', 'Huthayfa', 'Hutton', 'Huxley', 'Huy', 'Hyatt', 'Hyde', 'Hyder', 'Hyman', 'Iaan', 'Iain', 'Iann', 'Ibhanan', 'Ibraheem', 'Ibraheim', 'Ibrahim', 'Ichaa', 'Idaspati', 'Iden', 'Idhant', 'Idrees', 'Idris', 'Iesa', 'Ignatius', 'Ihit', 'Ihsaan', 'Ihsan', 'Ihtesham', 'Ihu', 'Ijay', 'Ike', 'Ikee', 'Ikesh', 'Ikram', 'Ikrimah', 'Ikshan', 'Ikshu', 'Ilashpasti', 'Ilesh', 'Ilisa', 'Illiyas', 'Ilyas', 'Imaad', 'Imaad Udeen', 'Imad', 'Imad al Din', 'Imam', 'Imanol', 'Imaran', 'Immanol', 'Immanuel', 'Imraan', 'Imran', 'Imtiyaz', 'Ina', 'Inakanta', 'Indeever', 'Indivar', 'Indra', 'Indraarjun', 'Indradatt', 'Indradutt', 'Indradyumn', 'Indrajeet', 'Indrajit', 'Indraneel', 'Indrasen', 'Indrasena', 'Indrasuta', 'Indratan', 'Indravadan', 'Indubhushan', 'Induhasan', 'Induj', 'Indukant', 'Indulal', 'Induleksh', 'Indumal', 'Indumat', 'Indumauli', 'Indushekhar', 'Inesh', 'Inganam', 'Ingram', 'Inoday', 'Inshaf', 'Ipsit', 'Iraj', 'Iraj', 'Iram', 'Iravan', 'Iravat', 'Iresh', 'Irfaan', 'Irfan', 'Iri', 'Irwin', 'Is-haaq', 'Isa', 'Isaac', 'Isaak', 'Isaam', 'Isaiah', 'Isaias', 'Isaie', 'Isam', 'Ish', 'Ishaan', 'Isham', 'Ishan', 'Ishana', 'Ishaq', 'Ishat', 'Ishayu', 'Ishir', 'Ishit', 'Ishmael', 'Ishq', 'Ishrat', 'Ishwar', 'Isidor', 'Isidore', 'Isidro', 'Iskandar', 'Iskander', "Isma'il", 'Ismaaeel', 'Ismaael', 'Ismaeel', 'Isrrael', 'Issai', 'Issaiah', 'Issaias', 'Issam', 'Itzak', 'Ivaan', 'Ivann', 'Ives', 'Ivrit', 'Iyaad', 'Iyad', 'Izz al Din', 'Izz Udeen', 'Izzaiah', 'Izzy', 'Jaabir', 'Jaaden', 'Jaafar', 'Jaalen', 'Jaamal', 'Jaan', 'Jaaron', 'Jaason', 'Jaavon', 'Jabaar', 'Jabar', 'Jabari', 'Jabarr', 'Jabarri', 'Jabbaar', 'Jabbar', 'Jabez', 'Jabez', 'Jabir', 'Jaccob', 'Jackson', 'Jacob', 'Jacobb', 'Jacobson', 'Jadon', 'Jafar', 'Jag', 'Jag Jeevan', 'Jagachandra', 'Jagadayu', 'Jagadbandu', 'Jagadeep', 'Jagadev', 'Jagadhidh', 'Jagadhish', 'Jagadip', 'Jagadish', 'Jagajeet', 'Jagajeevan', 'Jagan', 'Jaganmay', 'Jagannath', 'Jagat', 'Jagatbehari', 'Jagatguru', 'Jagatkishor', 'Jagatpal', 'Jagatprabhu', 'Jagatprakash', 'Jagatveer', 'Jagdeep', 'Jagdeo', 'Jagdish', 'Jagesh', 'Jagger', 'Jagger', 'Jagish', 'Jagjeevan', 'Jagmohan', 'Jago', 'Jagrav', 'Jagur', 'Jaheem', 'Jahi', 'Jahiem', 'Jahmal', 'Jahmil', 'Jahnu', 'Jai', 'Jaichand', 'Jaidayal', 'Jaidden', 'Jaideep', 'Jaidenn', 'Jaidev', 'Jaigath', 'Jaigopal', 'Jaiiden', 'Jaikrishna', 'Jaiman', 'Jaimini', 'Jainarayan', 'Jainil', 'Jaipal', 'Jair', 'Jairaj', 'Jairam', 'Jairo', 'Jaisal', 'Jaishankar', 'Jaisukh', 'Jaithra', 'Jaitra', 'Jaival', 'Jaivant', 'Jaivardhan', 'Jaiveer', 'Jaiwant', 'Jakarious', 'Jake', 'Jakeem', 'Jakkob', 'Jakob', 'Jakobe', 'Jakobee', 'Jalaal', 'Jalad', 'Jalal', 'Jalbhushan', 'Jaldev', 'Jaldhar', 'Jaleel', 'Jalendra', 'Jalendu', 'Jalenn', 'Jalesh', 'Jalil', 'Jalill', 'Jalindra', 'Jallen', 'Jalsa', 'Jam', 'Jamaal', 'Jamaal Udeen', 'Jamaar', 'Jamaari', 'Jamael', 'Jamahl', 'Jamail', 'Jamal', 'Jamal al Din', 'Jamall', 'Jamarcus', 'Jamarii', 'Jamarr', 'Jamarri', 'Jameel', 'James', 'Jameson', 'Jamess', 'Jamesson', 'Jamieson', 'Jamil', 'Jamill', 'Jamison', 'Jammal', 'Jammar', 'Jammel', 'Jammes', 'Janak', 'Janakibhushan', 'Janakidas', 'Janakinath', 'Janakiraman', 'Janamejay', 'Janardan', 'Janav', 'Janesh', 'Jankesh', 'Janmesh', 'Janu', 'Japa', 'Japan', 'Japendra', 'Japesh', 'Japeth', 'Japheth', 'Jaquez', 'Jarad', 'Jared', 'Jaredd', 'Jaret', 'Jarett', 'Jariath', 'Jarlath', 'Jaron', 'Jaronn', 'Jarrad', 'Jarrar', 'Jarrell', 'Jarret', 'Jarrett', 'Jarron', 'Jas', 'Jasamit', 'Jasapal', 'Jasbeer', 'Jasen', 'Jash', 'Jashith', 'Jasjit', 'Jaskaran', 'Jason', 'Jasonn', 'Jaspal', 'Jasraj', 'Jasser', 'Jasson', 'Jasveer', 'Jaswant', 'Jata Shankar', 'Jataayu', 'Jatan', 'Jatasya', 'Jatin', 'Jatya', 'Javed', 'Javeed', 'Javen', 'Javesh', 'Javonn', 'Jawad', 'Jawahar', 'Jawdat', 'Jawhar', 'Jax', 'Jaxon', 'Jaxson', 'Jaxx', 'Jaxxon', 'Jaxxson', 'Jay', 'Jay', 'Jayachand', 'Jayad', 'Jayadeep', 'Jayaditya', 'Jayakrishan', 'Jayakumar', 'Jayant', 'Jayanta', 'Jayapal', 'Jayaprakash', 'Jayashekhar', 'Jayawant', 'Jaydden', 'Jayendra', 'Jayesh', 'Jayin', 'Jayllen', 'Jayme', 'Jaymes', 'Jaymz', 'Jaysukh', 'Jayvon', 'Jayvonn', 'Jeb', 'Jebediah', 'Jed', 'Jedd', 'Jedediah', 'Jedidiah', 'Jeemutbahan', 'Jeeval', 'Jeevan', 'Jeevanprakash', 'Jeevaraaj', 'Jeevesh', 'Jeff', 'Jefferey', 'Jefferson', 'Jeffery', 'Jefford', 'Jeffrey', 'Jeffry', 'Jem', 'Jemal', 'Jens', 'Jerald', 'Jerall', 'Jered', 'Jerel', 'Jerell', 'Jereme', 'Jeremey', 'Jeremi', 'Jeremiah', 'Jeremie', 'Jeremmy', 'Jeremy', 'Jermain', 'Jermey', 'Jerod', 'Jerold', 'Jerome', 'Jeromee', 'Jeron', 'Jerrad', 'Jerrald', 'Jerramie', 'Jerramy', 'Jerred', 'Jerrell', 'Jerremiah', 'Jerremy', 'Jerricho', 'Jerrick', 'Jerrin', 'Jerrod', 'Jerrold', 'Jerrome', 'Jerron', 'Jerry', 'Jervis', 'Jesse', 'Jessus', 'Jesus', 'Jethro', 'Jett', 'Jevonn', 'Jhoomer', 'Jhulier', 'Jhumar', 'Jibri', 'Jibril', 'Jigar', 'Jiger', 'Jignesh', 'Jihad', 'Jilesh', 'Jim', 'Jimi', 'Jimm', 'Jimmie', 'Jimmy', 'Jimuta', 'Jina', 'Jinabhadra', 'Jinadath', 'Jinadev', 'Jinendra', 'Jishnu', 'Jitamitra', 'Jitendra', 'Jitin', 'Jival', 'Jivan', 'Jivana', 'Jivin', 'Jivitesh', 'Jivon', 'Jivraj', 'Jnhih', 'Jnyandeep', 'Jnyaneshwar', 'Joakim', 'Job', 'Joban', 'Joe', 'Joel', 'Joey', 'Jogesh', 'Joginder', 'Jogindra', 'Jograj', 'Johaan', 'John', 'Johnathan', 'Johnn', 'Johnnathan', 'Johnnathon', 'Johnson', 'Jollie', 'Jon', 'Jonah', 'Jonas', 'Jonatan', 'Jonathan', 'Jonattan', 'Jonatthan', 'Jonn', 'Jonnatan', 'Jonnathan', 'Jonnathon', 'Jordaan', 'Jordan', 'Jorgen', 'Jos', 'Josef', 'Joseff', 'Joseph', 'Josh', 'Joshua', 'Joshuaa', 'Joshuah', 'Josiah', 'Jossiah', 'Jossue', 'Jotham', 'Jovaan', 'Joydeep', 'Joydev', 'Juan', 'Jubal', 'Jubin', 'Jud', 'Judah', 'Judd', 'Juddson', 'Jude', 'Judson', 'Jugal', 'Jugnu', 'Julienn', 'Jullien', 'Jullius', 'Jumah', 'Junayd', 'Jusal', 'Justin', 'Justinn', 'Juston', 'Juwaan', 'Juwann', 'Jwalant', 'Jwalaprasad', 'Jwalia', 'Jye', 'Jyestha', 'Jyotichandra', 'Jyotindra', 'Jyotiprakash', 'Jyotiranjan', 'Jyotirdhar', 'Jyotirmaya', 'Jyotirmoy', 'Kaaden', 'Kaaliya', 'Kaamil', 'Kaan', 'Kaanan', 'Kaarikaa', 'Kaartikeya', 'Kaashinaath', 'Kabeer', 'Kabir', 'Kabos', 'Kadamb', 'Kadar', 'Kadden', 'Kadeem', 'Kadeen', 'Kadeer', 'Kadenn', 'Kader', 'Kadin', 'Kadir', 'Kaditula', 'Kadon', 'Kahil', 'Kahill', 'Kahlil', 'Kaidon', 'Kaiiden', 'Kailas', 'Kailash', 'Kailashchandra', 'Kailashnath', 'Kaine', 'Kairav', 'Kaivalya', 'Kal', 'Kal-hans', 'Kala', 'Kaladhar', 'Kalanath', 'Kalanath Krishna', 'Kalanidhi', 'Kalap', 'Kalapriya', 'Kalash', 'Kaleb', 'Kaleeb', 'Kaleecharan', 'Kalem', 'Kalicharan', 'Kalid', 'Kalidas', 'Kalil', 'Kalimohan', 'Kaling', 'Kalipada', 'Kaliq', 'Kaliranjan', 'Kalith', 'Kalkin', 'Kalleb', 'Kallol', 'Kalpa', 'Kalpak', 'Kalpanath', 'Kalpesh', 'Kalpit', 'Kaltan', 'Kalum', 'Kalvin', 'Kalyan', 'Kamadev', 'Kamalaapati', 'Kamalaj', 'Kamalakar', 'Kamalaksh', 'Kamalanayan', 'Kamalbandhu', 'Kamalesh', 'Kamalkant', 'Kamalnath', 'Kamalnayan', 'Kamat', 'Kamboj', 'Kameel', 'Kamesh', 'Kamik', 'Kamil', 'Kamin', 'Kamlesh', 'Kammeron', 'Kamod', 'Kamraj', 'Kamran', 'Kamsantak', 'Kamukh', 'Kan', 'Kanaan', 'Kanad', 'Kanaiya', 'Kanak', 'Kanal', 'Kanav', 'Kandan', 'Kandarp', 'Kandarpa', 'Kanha', 'Kanhaiya', 'Kanish', 'Kanishk', 'Kanishta', 'Kanj', 'Kantilal', 'Kantimoy', 'Kanu', 'Kanv', 'Kanvar', 'Kanwal', 'Kanwaljeet', 'Kanwaljit', 'Kanwalkishore', 'Kapaali', 'Kapi', 'Kapidhwaj', 'Kapil', 'Kapil Dev', 'Kapilashwar', 'Kapindra', 'Kapirath', 'Kapish', 'Kapoor', 'Karan', 'Kardal', 'Kareef', 'Kareem', 'Karif', 'Karim', 'Karl', 'Karlton', 'Karm', 'Karmendra', 'Karmjit', 'Karna', 'Karnabhushan', 'Karnajeet', 'Karnam', 'Karnik', 'Karpoor', 'Karson', 'Kartar', 'Kartik', 'Kartikeya', 'Karunaanidhi', 'Karunakar', 'Karunamaya', 'Karunashankar', 'Karunesh', 'Karunya', 'Kaschith', 'Kaseeb', 'Kaseem', 'Kashi', 'Kashif', 'Kashinath', 'Kashiprasad', 'Kashyap', 'Kasib', 'Kasim', 'Kasish', 'Kassim', 'Kateb', 'Kathith', 'Katyayan', 'Kaunteya', 'Kausar', 'Kaushal', 'Kaushik', 'Kaustav', 'Kaustubh', 'Kautik', 'Kautilya', 'Kaveesha', 'Kavel', 'Kavi', 'Kavin', 'Kavindra', 'Kavir', 'Kaviraj', 'Kavish', 'Kayaan', 'Kayosh', 'Kazeem', 'Kazim', 'Keaton', 'Kedaar', 'Kedar', 'Kedarnath', 'Kedem', 'Kedric', 'Kedrick', 'Keen', 'Keene', 'Keeon', 'Keertan', 'Keerthinath', 'Keeshawn', 'Keevan', 'Keevin', 'Keeyon', 'Keifer', 'Keiffer', 'Keilah', 'Keldon', 'Kelson', 'Kelton', 'Kelvin', 'Kelwin', 'Kemal', 'Kemp', 'Kenaan', 'Kenan', 'Kendale', 'Kendrell', 'Kenn', 'Kenndrick', 'Kenneth', 'Kenric', 'Kenrick', 'Kenton', 'Kentrell', 'Kenward', 'Kerrick', 'Kervin', 'Kerwin', 'Keshav', 'Keshto', 'Kester', 'Kestrel', 'Ketak', 'Ketan', 'Ketu', 'Ketubh', 'Keva', 'Keval', 'Kevalkishore', 'Kevalkumar', 'Kevinn', 'Kewal', 'Key', 'Keyonn', 'Keyur', 'Kha', 'Khaalid', 'Khagendra', 'Khagesh', 'Khair al Din', 'Khair Udeen', 'Khairy', 'Khajit', 'Khaldoon', 'Khaldun', 'Khaled', 'Khaleel', 'Khalid', 'Khalif', 'Khalil', 'Khalill', 'Khallid', 'Khallil', 'Kharanshu', 'Khatib', 'Khayree', 'Khayri', 'Khemchand', 'Khemprakash', 'Khoury', 'Khushal', 'Khushwant', 'Khuzaymah', 'Kiaan', 'Kidd', 'Kiefer', 'Kieffer', 'Kieron', 'Kierron', 'Kiing', 'Kimball', 'Kindam', 'Kingsley', 'Kingston', 'Kinshuk', 'Kintan', 'Kipp', 'Kiraat', 'Kiranmay', 'Kirat', 'Kiratidev', 'Kirav', 'Kirby', 'Kireet', 'Kireeti', 'Kirik', 'Kirin', 'Kirit', 'Kiritmani', 'Kirkley', 'Kirklin', 'Kirtan', 'Kirtibhushan', 'Kirtikumar', 'Kirtin', 'Kirtivallabh', 'Kirton', 'Kishan', 'Kishor', 'Kishore', 'Kishorekumar', 'Kivar', 'Klay', 'Klayton', 'Knox', 'Kobby', 'Kobe', 'Kodey', 'Kodi', 'Kodie', 'Kody', 'Kohl', 'Kolby', 'Kole', 'Koleman', 'Kolin', 'Kollin', 'Kolt', 'Kolten', 'Koltin', 'Kolton', 'Koltyn', 'Konrad', 'Korbin', 'Kordell', 'Korrey', 'Koshin', 'Kothandaraman', 'Kotijit', 'Koty', 'Koundinya', 'Koury', 'Kovida', 'Kovidh', 'Kraanti', 'Kraig', 'Kramer', 'Kriday', 'Kripa', 'Kripal', 'Kripanidhi', 'Kripasagar', 'Krish', 'Krishan', 'Krishang', 'Krishanu', 'Krishnachandra', 'Krishnadeva', 'Krishnakanta', 'Krishnakumar', 'Krishnala', 'Krishnamurari', 'Krishnamurthy', 'Krishnaroop', 'Krishnaveer', 'Krishnendu', 'Krisstopher', 'Kristoffer', 'Kristopher', 'Kritanu', 'Krithik', 'Kritika', 'Kritiman', 'Krivi', 'Krunal', 'Krupal', 'Kshantu', 'Kshaunish', 'Kshemendra', 'Kshiraj', 'Kshirin', 'Kshitidhar', 'Kshitij', 'Kshrugal', 'Kuber', 'Kuberchand', 'Kularanjan', 'Kulbhooshan', 'Kulbhushan', 'Kuldeep', 'Kuldev', 'Kulik', 'Kullin', 'Kullyn', 'Kulvir', 'Kumar', 'Kumaresh', 'Kumudavalli', 'Kumudesh', 'Kumush', 'Kunaal', 'Kunal', 'Kundan', 'Kundanlal', 'Kundir', 'Kunja', 'Kunjabihari', 'Kunsh', 'Kunshi', 'Kunwar', 'Kuper', 'Kusagra', 'Kush', 'Kushad', 'Kushal', 'Kushanu', 'Kusumakar', 'Kusumesh', 'Kuval', 'Kuvam', 'Kuvar', 'Kvanh', 'Kylar', 'Kyle', 'Kyler', 'Kyller', 'Kylor', 'Laabh', 'Laalamani', 'Laavanya', 'Labeeb', 'Labh', 'Labib', 'Ladd', 'Lagan', 'Lahar', 'Laidley', 'Lain', 'Laith', 'Lake', 'Lakhan', 'Laksh', 'Lakshan', 'Lakshanya', 'Lakshin', 'Lakshman', 'Lakshmibanta', 'Lakshmidhar', 'Lakshmigopal', 'Lakshmikant', 'Lakshmikanta', 'Lakshminarayan', 'Lakshmipati', 'Lakshmiraman', 'Lakshya', 'Lalam', 'Lalan', 'Lalchand', 'Lalit', 'Lalitaditya', 'Lalitchandra', 'Lalitesh', 'Lalitkishore', 'Lalitkumar', 'Lalitlochan', 'Lalitmohan', 'Lamaar', 'Laman', 'Lamarcus', 'Lambodar', 'Lambodhar', 'Landan', 'Landdon', 'Landen', 'Landenn', 'Landin', 'Landon', 'Landonn', 'Landry', 'Lane', 'Langston', 'Laniban', 'Lankesh', 'Lann', 'Lanndon', 'Lanney', 'Larraj', 'Lars', 'Latif', 'Latimer', 'Lav', 'Lav', 'Lavitra', 'Lawley', 'Lawry', 'Lawson', 'Lawton', 'Laxman', 'Layak', 'Layne', 'Layton', 'Lazare', 'Lazaro', 'Lazarus', 'Lazzaro', 'Leandro', 'Lee', 'Leeo', 'Leeon', 'Leeroy', 'Leevi', 'Leevon', 'Lekh', 'Lemuel', 'Leo', 'Leonel', 'Leonell', 'Leopoldo', 'Levi', 'Levii', 'Lew', 'Lewin', 'Lex', 'Liamm', 'Liiam', 'Liladhar', 'Linc', 'Lincoln', 'Linden', 'Lindley', 'Lindon', 'Linton', 'Lionell', 'Lissandro', 'Lister', 'Litton', 'Lleyton', 'Lochlann', 'Locke', 'Loggan', 'Lohendra', 'Lohit', 'Lohitaksh', 'Lohitaksha', 'Lohitashwa', 'Lohith', 'Lokajit', 'Lokakriti', 'Lokanetra', 'Lokapujya', 'Lokbhushan', 'Lokesh', 'Loknaath', 'Loknath', 'Lokpradeep', 'Lokprakash', 'Lokranjan', 'Lomash', 'Long', 'Loro', 'Lorrenzo', 'Lorry', 'Loukas', 'Louvain', 'Lovell', 'Lowell', 'Loyal', "Lu'ay", 'Luc', 'Lucas', 'Luccas', 'Lucciano', 'Luciano', 'Luke', 'Lukesh', 'Lukka', 'Lukkas', 'Luqmaan', 'Luqman', 'Lutfi', 'Luukas', 'Luv', 'Luvya', 'Lyman', 'Lyndal', 'Lynden', 'Lyndon', "Ma'awiya", "Ma'd", "Ma'mun", "Ma'n", 'Maadhav', 'Maagh', 'Maahir', 'Maalav', 'Maalik', 'Maalolan', 'Maan', 'Maanav', 'Maandhata', 'Maazin', 'Madan', 'Madan', 'Madanapal', 'Madangopal', 'Madanmohan', 'Maderu', 'Madesh', 'Madhav', 'Madhavan', 'Madhavdas', 'Madhuban', 'Madhuchanda', 'Madhuk', 'Madhukant', 'Madhukanta', 'Madhukar', 'Madhumay', 'Madhup', 'Madhur', 'Madhusoodan', 'Madhusudan', 'Madin', 'Madur', 'Magadh', 'Magan', 'Mahaadev', 'Mahaaveer', 'Mahabahu', 'Mahabala', 'Mahadev', 'Mahaj', 'Mahakaya', 'Mahaketu', 'Mahakram', 'Mahamani', 'Mahamati', 'Mahanidhi', 'Mahaniya', 'Mahant', 'Mahanth', 'Mahapadmananda', 'Mahapurush', 'Maharanth', 'Maharath', 'Maharshi', 'Maharth', 'Mahasvin', 'Mahatru', 'Mahavir', 'Mahdi', 'Mahdy', 'Maheepati', 'Mahendra', 'Mahesh', 'Maheshwar', 'Mahi', 'Mahijith', 'Mahin', 'Mahindra', 'Mahip', 'Mahipal', 'Mahipati', 'Mahir', 'Mahish', 'Mahit', 'Mahith', 'Mahmood', 'Mahmoud', 'Mahmud', 'Maimun', 'Mainak', 'Mairava', 'Maitreya', 'Majd', 'Majd Udeen', 'Majdi', 'Majdy', 'Majed', 'Majid', 'Majid al Din', 'Mak', 'Makarand', 'Makeen', 'Makhesh', 'Makin', 'Makrand', 'Makul', 'Makur', 'Malachi', 'Malakii', 'Malank', 'Malay', 'Malaya', 'Malcom', 'Malden', 'Malhar', 'Maliik', 'Malik', 'Malikk', 'Mallaki', 'Mallesh', 'Mallik', 'Mallikarjun', 'Maloney', 'Mamdouh', 'Mamnoon', 'Mamon', 'Mamoon', 'Mamraj', 'Manajith', 'Manan', 'Manas', 'Manasseh', 'Manasyu', 'Manav', 'Manavendra', 'Mandaar', 'Mandakranta', 'Mandan', 'Mandar', 'Mandeep', 'Mandhatri', 'Mandin', 'Mandir', 'Mandith', 'Maneendra', 'Maneesh', 'Maneet', 'Manendra', 'Mangal', 'Mangesh', 'Manhar', 'Mani', 'Manibhushan', 'Manidhar', 'Manik', 'Manikaant', 'Manikandan', 'Manindra', 'Maniram', 'Manish', 'Manishankar', 'Manit', 'Manith', 'Manjeet', 'Manjughosh', 'Manjul', 'Manjyot', 'Manley', 'Manmatha', 'Manmeet', 'Manmohan', 'Mannan', 'Mannath', 'Manning', 'Mannith', 'Manohar', 'Manoj', 'Manojavaya', 'Manomay', 'Manonith', 'Manoranjan', 'Manorath', 'Manoth', 'Manprasad', 'Mansel', 'Mansoor', 'Mansour', 'Mansukh', 'Mansur', 'Manth', 'Manthan', 'Manton', 'Mantram', 'Manu', 'Manuel', 'Manuj', 'Manuraj', 'Manvendra', 'Manvir', 'Manyu', 'Maraal', 'Marcelino', 'Marcellino', 'Marcellus', 'Marcelo', 'Marcus', 'Marcuss', 'Mardav', 'Marden', 'Mareechi', 'Mariano', 'Marichi', 'Marid', 'Mark', 'Markanday', 'Markandeya', 'Markham', 'Markk', 'Markkus', 'Marko', 'Markus', 'Marley', 'Marlin', 'Marlo', 'Marlow', 'Marquiss', 'Marrio', 'Marrk', 'Marsden', 'Marsh', 'Marston', 'Martand', 'Martanda', 'Martel', 'Martell', 'Marudeva', 'Marut', 'Maruti', 'Marv', 'Marvin', 'Marwan', 'Marzouq', 'Marzuq', "Mas'ud", "Mash'al", 'Mason', 'Masoud', 'Massey', 'Massimo', 'Masson', 'Masud', 'Matan', 'Matanga', 'Mateen', 'Mateo', 'Mather', 'Matheus', 'Mathew', 'Matheysh', 'Mathhew', 'Mathias', 'Mathieu', 'Matias', 'Matin', 'Matsendra', 'Matsyendra', 'Mattan', 'Matteen', 'Matten', 'Matteo', 'Matthias', 'Matthieu', 'Mattias', 'Mattthew', 'Maulik', 'Maximilian', 'Maximillian', 'Maxxim', 'Maxximus', 'Maxy', 'Mayan', 'Mayank', 'Mayanka', 'Mayes', 'Mayhew', 'Maynard', 'Maynor', 'Mayon', 'Maysarah', 'Mayukh', 'Mayur', 'Mazin', 'Mead', 'Medh', 'Medhansh', 'Medric', 'Meenakshi', 'Meer', 'Meet', 'Megh', 'Megh-naad', 'Meghaj', 'Meghashyam', 'Meghdutt', 'Meghnad', 'Meghraj', 'Mehaan', 'Mehal', 'Meherdad', 'Mehtab', 'Mehul', 'Mel', 'Meldon', 'Meldrick', 'Melvin', 'Menachem', 'Mendel', 'Mercer', 'Merivale', 'Merlin', 'Meru', 'Micchael', 'Michaael', 'Michaeel', 'Michael', 'Mickel', 'Mihir', 'Mihirkiran', 'Miichael', 'Mikee', 'Mikesh', 'Mikhail', 'Mikul', 'Milan', 'Miland', 'Milap', 'Milburn', 'Milind', 'Milit', 'Millan', 'Miller', 'Mills', 'Milt', 'Milton', 'Minal', 'Miner', 'Minesh', 'Minto', 'Misal', 'Misbaah', 'Misbah', 'Mishael', 'Misri', 'Mitaksh', 'Mitali', 'Mitansh', 'Mitch', 'Mitchel', 'Mitchell', 'Miten', 'Mitesh', 'Mith', 'Mithil', 'Mithila', 'Mithilesh', 'Mithran', 'Mithun', 'Mitra', 'Mitrajit', 'Mitul', 'Moazzem', 'Modak', 'Modal', 'Moe', 'Moh', 'Mohajit', 'Mohak', 'Mohal', 'Mohamad', 'Mohamed', 'Mohammed', 'Mohan', 'Mohin', 'Mohit', 'Mohnish', 'Mohul', 'Moisses', 'Moksh', 'Moksha', 'Monish', 'Montee', 'Montel', 'Montell', 'Monty', 'Moorti', 'Moosa', 'Mordechai', 'Morley', 'Morse', 'Morton', 'Mosses', 'Mostafa', 'Moti', 'Motilal', 'Moulik', 'Moustafa', 'Moustapha', 'Mridul', 'Mrigaa', 'Mrigaj', 'Mrigalochan', 'Mrigank', 'Mriganka', 'Mrigankamouli', 'Mrigankasekhar', 'Mrigasya', 'Mrigendra', 'Mrigesh', 'Mrinaal', 'Mrinal', 'Mrinank', 'Mrinendra', 'Mritunjay', 'Mrityunjay', 'Mrudun', 'Mrugha', 'Mruthyunjeyan', "Mu'adh", "Mu'awiyah", "Mu'ayyad", "Mu'tasim", "Mu'tazz", 'Muaath', 'Muayid', 'Mubarak', 'Mudgal', 'Mudil', 'Mudit', 'Mudita', 'Mufeed', 'Mufid', 'Muhammad', 'Muhammed', 'Muhanad', 'Muhannad', 'Muhanned', 'Muhsin', 'Muhtadi', 'Muhtady', 'Mujaahid', 'Mujahid', 'Mukesh', 'Mukhtaar', 'Mukhtar', 'Muktananda', 'Muktar', 'Mukul', 'Mukund', 'Mukunda', 'Mukut', 'Mulkraj', 'Mundhir', 'Muneendra', 'Muneer', 'Muni', 'Munir', 'Munish', 'Muntasir', 'Munthir', 'Muraaree', 'Murad', 'Muralee', 'Murali', 'Muralidhar', 'Muralimanohar', 'Murari', 'Murarilal', 'Murgesh', 'Murli', 'Murtadhy', 'Murtadi', 'Murthy', 'Murugan', "Mus'ad", 'Musa', 'Musad', 'Muslim', 'Mustafa', 'Mustafaa', 'Mustapha', 'Mustaq', 'Muta', 'Mutaa', 'Mutasim', 'Mutazz', 'Mutee', 'Muti', 'Muwafaq', 'Muwaffaq', 'Myer', "Naa'il", 'Naabhi', 'Naadir', 'Naag', 'Naag-raaj', 'Naagarjun', 'Naagdhar', 'Naagendra', 'Naagesh', 'Naagpal', 'Naagpati', 'Naajy', 'Naakesh', 'Naaman', 'Naamdev', 'Naanak', 'Naaraayan', 'Naarad', 'Naasih', 'Naasir', 'Naathim', 'Nabeeh', 'Nabeel', 'Nabendu', 'Nabhan', 'Nabhanyu', 'Nabhendu', 'Nabhi', 'Nabhij', 'Nabhith', 'Nabhoj', 'Nabhomani', 'Nabhya', 'Nabih', 'Nabil', 'Nachik', 'Nachiket', 'Nachiketa', 'Nachmanke', 'Nachum', 'Nadav', 'Nadeem', 'Nadeen', 'Nadeesh', 'Nadhir', 'Nadim', 'Nadir', 'Nadish', 'Naeem', 'Nagarin', 'Nagarjun', 'Nagdhar', 'Nagendra', 'Nagesh', 'Nageshwaran', 'Naggar', 'Nagpal', 'Nahid', 'Nahum', 'Nahush', 'Nahusha', "Naif Na'il", 'Naim', 'Naimish', 'Nairit', 'Naishadh', 'Najeeb', 'Naji', 'Najib', 'Najjar', 'Najji', 'Najm al Din', 'Najm Udeen', 'Nakhraj', 'Nakir', 'Naksatraraja', 'Nakshatra', 'Nakul', 'Nal', 'Nalesh', 'Nalin', 'Nalinaksh', 'Nalinaksha', 'Nalinikant', 'Naman', 'Namasyu', 'Nambi', 'Namdev', 'Namish', 'Namit', 'Nanak', 'Nand', 'Nand-kishore', 'Nand-nandan', 'Nandak', 'Nandakishor', 'Nandakumar', 'Nandan', 'Nandi', 'Nandin', 'Nandish', 'Nandlaal', 'Naotau', 'Narad', 'Narahari', 'Narasimha', 'Narayan', 'Narayana', 'Narayanan', 'Narendra', 'Narendranath', 'Naresh', 'Narhari', 'Narinder', 'Narmad', 'Narottam', 'Narsi', 'Narsimha', 'Nartan', 'Nartana', 'Narun', 'Naruna', 'Naseem', 'Nashir', 'Nasih', 'Nasiir', 'Nasim', 'Nasir', 'Nasir al Din', 'Nasser', 'Nasser Udeen', 'Nassir', 'Nat', 'Nate', 'Natesh', 'Nateshwar', 'Nathan', 'Nathanial', 'Nathaniel', 'Nathaniell', 'Nathann', 'Natheer', 'Nathen', 'Natraj', 'Natthan', 'Natwar', 'Naubahar', 'Nauhar', 'Nauka', 'Navaj', 'Navakanth', 'Naval', 'Navalan', 'Navaneet', 'Navashen', 'Naveen', 'Navendu', 'Navin', 'Navinchandra', 'Navnit', 'Navrang', 'Navratan', 'Navroz', 'Navtej', 'Nawalkishor', 'Nawfal', 'Nayakan', 'Nayan', 'Nayath', 'Nayef', 'Nayland', 'Nazeeh', 'Nazeem', 'Nazih', 'Nazim', 'Ned', 'Neel', 'Neelabh', 'Neeladri', 'Neelamani', 'Neelambar', 'Neelambuj', 'Neelanchal', 'Neelanjan', 'Neelesh', 'Neelgreev', 'Neelkamal', 'Neelkanta', 'Neelkanth', 'Neelmadhav', 'Neelotpal', 'Neerad', 'Neeraj', 'Neerav', 'Neesh', 'Neev', 'Nehemiah', 'Neil', 'Neill', 'Nelson', 'Neo', 'Nesbit', 'Nestor', 'Nevin', 'Newell', 'Newton', 'Nibodh', 'Niccolas', 'Nicholaas', 'Nicholes', 'Nichollas', 'Nichols', 'Nicholson', 'Nick', 'Nicolaas', 'Nicollas', 'Nidhish', 'Nigam', 'Nigell', 'Nihaar', 'Nihal', 'Nihar', 'Nikash', 'Niket', 'Niketan', 'Nikhat', 'Nikhil', 'Nikhilesh', 'Nikkolai', 'Nikolai', 'Nikshay', 'Nikul', 'Nikunj', 'Nikunja', 'Nilabh', 'Nilax', 'Nilay', 'Nilesh', 'Nimai', 'Nimesh', 'Nimish', 'Nimrod', 'Ninad', 'Nipun', 'Nir', 'Niraamay', 'Nirad', 'Niraj', 'Nirajit', 'Niramay', 'Niramitra', 'Niranjan', 'Nirankar', 'Nirav', 'Nirbhay', 'Nirbhik', 'Nirdhar', 'Nirek', 'Nirel', 'Nirijhar', 'Nirish', 'Nirmal', 'Nirmalya', 'Nirmanyu', 'Nirmay', 'Nirmit', 'Nirmohi', 'Nirupam', 'Nirvan', 'Nisarg', 'Nischal', 'Nischith', 'Nish', 'Nishad', 'Nishakant', 'Nishakar', 'Nishanath', 'Nishant', 'Nishar', 'Nishat', 'Nishchal', 'Nishesh', 'Nishikaant', 'Nishikant', 'Nishikanta', 'Nishikar', 'Nishil', 'Nishinath', 'Nishipal', 'Nishipati', 'Nishit', 'Nishith', 'Nishkama', 'Nishkarsh', 'Nishok', 'Nissim', 'Nisyaanthan', 'Niteesh', 'Nitesh', 'Nithik', 'Nithin', 'Nitin', 'Nitish', 'Nitya-sundara', 'Nityagopal', 'Nityanand', 'Nityananda', 'Nityanta', 'Nived', 'Nivrutti', 'Nixon', 'Niyath', 'Noadiah', 'Noah', 'Noahh', 'Noam', 'Nollan', 'Nooh', 'Noor Udeen', 'Noori', 'Norberto', 'Norton', 'Norvin', 'Norward', 'Nridev', 'Nrip', 'Nripa', 'Nripendra', 'Nripesh', 'Nrupadh', "Nu'man", 'Nuh', 'Numair', 'Nur al Din', 'Nuri', 'Nyle', 'Oachim', 'Oakley', 'Obadiah', 'Obalesh', 'Obed', 'Octavian', 'Oded', 'Ogden', 'Oha', 'Ohas', 'Ojas', 'Ojayit', 'Olaf', 'Ole', 'Olin', 'Ollie', 'Olliver', 'Olsen', 'Olson', 'Om', 'Oma', 'Omair', 'Omanand', 'Omar', 'Omar', 'Omarjeet', 'Omarr', 'Omeir', 'Omesa', 'Omesh', 'Omeshwar', 'Omi', 'Omja', 'Omkar', 'Omkarnath', 'Ommar', 'Ompati', 'Omprakash', 'Omran', 'Omrao', 'Omswaroop', 'Oni', 'Onkar', 'Oojam', 'Oorjit', 'Ophir', 'Oran', 'Orion', 'Orlondo', 'Ormond', 'Orran', 'Orren', 'Orrick', 'Orrin', 'Orton', 'Orval', 'Orvin', 'Osama', 'Osaze', 'Osbaldo', 'Osbert', 'Osborn', 'Osborne', 'Osmar', 'Osmond', 'Osric', 'Ossama', 'Oswald', 'Oswaldo', 'Oswin', 'Ottakoothan', 'Owenn', 'Oxley', 'Oxton', 'Oz', 'Ozzie', 'Ozzy', 'Paandu', 'Paandurang', 'Paaninee', 'Paarbrahm', 'Paarth', 'Paarthiv', 'Paavak', 'Paavan', 'Pace', 'Pacey', 'Padam', 'Paden', 'Padmabandhu', 'Padmadhar', 'Padmahasta', 'Padmaj', 'Padmakant', 'Padmakar', 'Padmal', 'Padmalochan', 'Padman', 'Padmanabh', 'Padmanabha', 'Padmapani', 'Padmapati', 'Padmayani', 'Padmesh', 'Padminish', 'Pahal', 'Pakhi', 'Paksha', 'Pakshi', 'Palak', 'Palash', 'Palashkusum', 'Palashranjan', 'Palin', 'Pallab', 'Pallav', 'Palmer', 'Palti', 'Panav', 'Panchaanan', 'Panchajana', 'Panchal', 'Panchavaktra', 'Pandhari', 'Pandita', 'Panduranga', 'Pandya', 'Pankaj', 'Pankajalochana', 'Pankajan', 'Pankajeet', 'Pann-gesh', 'Panna', 'Pannalal', 'Panshul', 'Paraag', 'Paraashar', 'Parag', 'Parakram', 'Param', 'Param-hans', 'Paramananda', 'Paramartha', 'Paramesh', 'Parameshwar', 'Paramhansa', 'Paramjeet', 'Paramjit', 'Paran', 'Paranjay', 'Parantapa', 'Paras', 'Parashar', 'Parashuraam', 'Parashuram', 'Parasmani', 'Parasme', 'Paratpara', 'Paravasu', 'Parees', 'Paresh', 'Paresha', 'Parighosh', 'Parijat', 'Pariket', 'Parikshit', 'Parimal', 'Parindra', 'Parish', 'Paritosh', 'Parker', 'Parkin', 'Parmaarth', 'Parmanand', 'Parmeet', 'Parmesh', 'Parnad', 'Parnal', 'Parnik', 'Parth', 'Partha', 'Parthapratim', 'Parthasarathi', 'Parthiv', 'Parvat', 'Parvateshwar', 'Parvatinandan', 'Parvesh', 'Parwez', 'Pasha', 'Pashunath', 'Pashupati', 'Pat', 'Patag', 'Patakin', 'Patanjali', 'Pathik', 'Pathin', 'Patoj', 'Patr', 'Patralika', 'Patrick', 'Patton', 'Pattrick', 'Paul', 'Paull', 'Paurav', 'Pavak', 'Pavalan', 'Pavan', 'Pavanaj', 'Pavankumar', 'Pavanputra', 'Pavansut', 'Pavel', 'Pavitra', 'Pawan', 'Payas', 'Payden', 'Payod', 'Payton', 'Pearce', 'Peers', 'Peetambar', 'Peeyush', 'Pehlaj', 'Peirce', 'Pelham', 'Pell', 'Pelton', 'Pendle', 'Penley', 'Perkin', 'Perry', 'Perumal', 'Pete', 'Peter', 'Peterson', 'Petey', 'Peton', 'Petros', 'Petter', 'Peyton', 'Phalak', 'Phalgun', 'Phani', 'Phanibhusan', 'Phaninath', 'Phanindra', 'Phanindranath', 'Phanishwar', 'Phelps', 'Phenil', 'Phil', 'Philip', 'Philipp', 'Phill', 'Phillipp', 'Philomena', 'Phineas', 'Phoolendu', 'Picton', 'Pierce', 'Piers', 'Pierson', 'Piki', 'Pinak', 'Pinaki', 'Pinakin', 'Pingal', 'Pitambar', 'Pitney', 'Pitt', 'Pius', 'Piyali', 'Piyush', 'Pollock', 'Poojit', 'Poonish', 'Pooran', 'Poornachandra', 'Poornanand', 'Poorv', 'Poorvaj', 'Powell', 'Prabal', 'Prabhakar', 'Prabhanjan', 'Prabhas', 'Prabhat', 'Prabhav', 'Prabhave', 'Prabhu', 'Prabir', 'Prabodh', 'Prabodhan', 'Prabuddha', 'Prachet', 'Pracheta', 'Prachetas', 'Prachur', 'Pradarsh', 'Pradeep', 'Pradhi', 'Pradnesh', 'Pradosh', 'Pradyot', 'Pradyumna', 'Pradyun', 'Praful', 'Prafulla', 'Pragnya', 'Pragun', 'Prahalad', 'Prahallad', 'Prahlad', 'Prajapati', 'Prajeet', 'Prajesh', 'Prajin', 'Prajit', 'Prajval', 'Prajvala', 'Prakash', 'Prakat', 'Praket', 'Prakhar', 'Prakrit', 'Prakul', 'Pralay', 'Pramath', 'Pramesh', 'Pramit', 'Pramod', 'Pramodan', 'Pramsu', 'Pramukh', 'Pran', 'Prana', 'Pranad', 'Pranav', 'Pranava', 'Pranay', 'Praneel', 'Praneet', 'Praneeth', 'Pranesh', 'Pranet', 'Praney', 'Pranit', 'Pranjal', 'Pranjivan', 'Prannath', 'Pranshu', 'Pransu', 'Pransukh', 'Prasad', 'Prasanna', 'Prasata', 'Prasenjit', 'Prasham', 'Prashansa', 'Prashant', 'Prashanta', 'Prashanth', 'Prashray', 'Prasiddhi', 'Prasoon', 'Prasun', 'Pratap', 'Prateek', 'Prateep', 'Prateet', 'Pratham', 'Prathamesh', 'Prathmesh', 'Pratik', 'Pratiti', 'Pratosh', 'Pratul', 'Pratyush', 'Praval', 'Pravan', 'Pravar', 'Praveen', 'Praveer', 'Praver', 'Pravin', 'Pravir', 'Pravit', 'Prayaag', 'Prayag', 'Preetam', 'Preetidutt', 'Preetish', 'Preetiwardhan', 'Prem', 'Premal', 'Premanand', 'Premendra', 'Prentice', 'Prerit', 'Preston', 'Pretvan', 'Pribhakta', 'Priest', 'Prina', 'Princeton', 'Prineet', 'Prinita', 'Pritam', 'Pritesh', 'Prithish', 'Prithu', 'Prithvee', 'Prithvi', 'Prithvijaj', 'Prithviraj', 'Pritish', 'Privrata', 'Priyaank', 'Priyadarshan', 'Priyadarshi', 'Priyaka', 'Priyanshu', 'Priyanvad', 'Priyaranjan', 'Priyesh', 'Pruthivi', 'Pujan', 'Pukhraj', 'Pulak', 'Pulakesh', 'Pulastya', 'Pulin', 'Pulkit', 'Pundalik', 'Pundarik', 'Puneet', 'Punit', 'Purahan', 'Purajit', 'Puran', 'Purandar', 'Puranjay', 'Purav', 'Purnanada', 'Purnendu', 'Purohit', 'Puru', 'Purujit', 'Purumitra', 'Pururava', 'Purushottam', 'Pusan', 'Pushkal', 'Pushkar', 'Pushp', 'Pushp-mitra', 'Pushpad', 'Pushpaj', 'Pushpak', 'Pushpakar', 'Pushpaketu', 'Pushpesh', 'Puskara', 'Pyarelal', 'Pyaremohan', 'Qadir', 'Qasim', 'Qatadah', 'Qays', 'Quamar', 'Quasim', 'Qudamah', 'Quillan', 'Quinncy', 'Quinntin', 'Quinnton', 'Quint', 'Quinten', 'Quintus', 'Qutaiba', 'Qutaybah', "Ra'ed", "Ra'id", 'Raahi', 'Raahim', 'Raahul', 'Raajaa', 'Raajeev', 'Raajeevalochan', 'Raajyashree', 'Raakaa', 'Raakesh', 'Raakin', 'Raam', 'Raam-datt', 'Raamaanuj', 'Raamiz', 'Raanan', 'Raatib', 'Rabah', 'Rabee', 'Rabi', 'Race', 'Rachit', 'Rachvik', 'Radhak', 'Radhakanta', 'Radhakrishna', 'Radhatanaya', 'Radhavallabh', 'Radhesh', 'Radheshyam', 'Radhey', 'Radheya', 'Radley', 'Radnor', 'Radwan', 'Rafe', 'Rafee', 'Rafee', 'Rafeek', 'Raffael', 'Raffi', 'Raffy', 'Rafi', 'Rafiq', 'Raghav', 'Raghavendra', 'Raghbir', 'Ragheb', 'Raghib', 'Raghotham', 'Raghu', 'Raghukumara', 'Raghunandan', 'Raghunath', 'Raghupati', 'Raghuveer', 'Raghuvir', 'Ragin', 'Rahas', 'Raheam', 'Raheel', 'Raheim', 'Rahiem', 'Rahil', 'Rahim', 'Rahman', 'Rahul', 'Raine', 'Rais', 'Raivata', 'Raivath', 'Raj', 'Raja', 'Rajab', 'Rajak', 'Rajan', 'Rajaneesh', 'Rajanikant', 'Rajanikanta', 'Rajanya', 'Rajarshi', 'Rajas', 'Rajat', 'Rajata', 'Rajatanabhi', 'Rajatshubhra', 'Rajdeep', 'Rajeev', 'Rajeevalochana', 'Rajendra', 'Rajendrakumar', 'Rajendramohan', 'Rajesh', 'Rajhans', 'Rajinipati', 'Rajit', 'Rajiv', 'Rajkumar', 'Rajnish', 'Rajrishi', 'Raju', 'Rajul', 'Rajvardhan', 'Rajveer', 'Rajyeshwar', 'Rakesh', 'Rakib', 'Rakin', 'Rakshan', 'Raktakamal', 'Ralph', 'Ralphie', 'Ralston', 'Ram', 'Ramadeep', 'Ramadhuta', 'Ramadut', 'Ramakaant', 'Ramakanta', 'Ramakrishna', 'Raman', 'Ramanand', 'Ramanjit', 'Ramanuj', 'Ramanuja', 'Ramashray', 'Ramavatar', 'Ramchandra', 'Ramdas', 'Rameez', 'Ramesh', 'Rameshwar', 'Ramgopal', 'Ramkishore', 'Ramkrishna', 'Ramkumar', 'Rammohan', 'Rammy', 'Ramnath', 'Ramoji', 'Ramprasad', 'Rampratap', 'Ramra', 'Ramratan', 'Ramsey', 'Ramswaroop', 'Ramu', 'Ramy', 'Ranadeva', 'Ranajay', 'Ranajit', 'Ranak', 'Rand', 'Randal', 'Randall', 'Randell', 'Randhir', 'Randy', 'Ranen', 'Ranesh', 'Rangana', 'Ranganath', 'Rangith', 'Ranjan', 'Ranjay', 'Ranjeet', 'Ranjit', 'Ranjiv', 'Rankin', 'Ranndy', 'Ransley', 'Ransom', 'Rantidev', 'Ranveer', 'Raphael', 'Raqib', 'Rasaraj', 'Rasbihari', 'Rasesh', 'Rashaad', 'Rashad', 'Rashadd', 'Rashid', 'Rashmi', 'Rashmil', 'Rasik', 'Rasmaru', 'Rasna', 'Rasul', 'Rasul aidil', 'Ratan', 'Ratannabha', 'Rathik', 'Rathin', 'Ratib', 'Ratish', 'Ratnabhu', 'Ratnadeep', 'Ratnakar', 'Ratnanidhi', 'Ratnesh', 'Ratul', 'Rauf', 'Ravalnath', 'Raveendra', 'Raven', 'Ravi', 'Ravid', 'Ravikanth', 'Ravikeerti', 'Ravikiran', 'Ravinandan', 'Ravindra', 'Ravindranath', 'Ravinshu', 'Ravish', 'Ravisharan', 'Ravishu', 'Ravit', 'Ravon', 'Ravoof', 'Ravy', 'Rawdon', 'Ray', 'Ray', 'Rayce', 'Rayhan', 'Rayirth', 'Raymon', 'Raymundo', 'Rebanta', 'Reda', 'Redley', 'Reg', 'Reggie', 'Regginald', 'Rehaan', 'Rehan', 'Rehyaaz', 'Reinaldo', 'Remington', 'Renaldo', 'Renato', 'Renaud', 'Renesh', 'Renfred', 'Renit', 'Renzo', 'Reuben', 'Reuel', 'Revanth', 'Rex', 'Rexton', 'Rexx', 'Rey', 'Reyaansh', 'Reyansh', 'Riccardo', 'Ricco', 'Rich', 'Richard', 'Richardd', 'Rick', 'Ricker', 'Rickey', 'Rickie', 'Ricky', 'Rickyy', 'Rida', 'Riddhiman', 'Riddhish', 'Ridge', 'Ridgeley', 'Ridha', 'Ridhwan', 'Ridit', 'Ridley', 'Ridwan', 'Rigby', 'Rigg', 'Rigved', 'Riju', 'Rijul', 'Rijwal', 'Rikhil', 'Rikin', 'Rineshan', 'Ringo', 'Ripu', 'Ripudaman', 'Rishab', 'Rishabh', 'Rishan', 'Rishi', 'Rishika', 'Rishikesh', 'Rishit', 'Rishon', 'Rishvanjas', 'Risley', 'Riston', 'Ritchard', 'Ritchie', 'Ritesh', 'Rithik', 'Rithwik', 'Riti', 'Rituraaj', 'Rituraj', 'Ritvik', 'Rivan', 'Riyad', 'Riyadh', 'Riyaz', 'Riyyan', 'Rizvi', 'Roan', 'Rob', 'Robbert', 'Robbie', 'Robby', 'Robeert', 'Roberrt', 'Robert', 'Roberts', 'Robertson', 'Robertt', 'Robinson', 'Rochak', 'Rochan', 'Rochester', 'Rockley', 'Rod', 'Rodderick', 'Roddney', 'Roddrick', 'Roddy', 'Roden', 'Roderrick', 'Rodger', 'Roe', 'Roger', 'Rohaan', 'Rohak', 'Rohan', 'Rohanlal', 'Rohiniraman', 'Rohinish', 'Rohit', 'Rohitasva', 'Rohith', 'Rohtak', 'Rollie', 'Rollin', 'Rollo', 'Romeo', 'Romila', 'Romir', 'Ronak', 'Ronald', 'Ronaldo', 'Ronav', 'Roni', 'Ronit', 'Ronith', 'Ronn', 'Ronnald', 'Ronsher', 'Roopak', 'Roper', 'Rorry', 'Roshan', 'Ross', 'Rover', 'Rowan', 'Rowell', 'Rowley', 'Rowson', 'Royce', 'Rubben', 'Ruben', 'Ruchir', 'Rudd', 'Rudr', 'Rudra', 'Rudrapriya', 'Rudresh', 'Rudy', 'Ruffus', 'Rugby', 'Ruhan', 'Rujul', 'Rukm', 'Rukminesh', 'Rupak', 'Rupang', 'Rupendra', 'Rupesh', 'Rupeshwar', 'Rupin', 'Rups', 'Rushabh', 'Rusham', 'Rushan', 'Rushang', 'Rusheek', 'Rushi', 'Rushil', 'Rushyashringav', 'Rustam', 'Rutajit', 'Rutesh', 'Ruthvik', 'Rutley', 'Rutujit', 'Rutva', 'Rutvij', 'Rwiju', 'Ryaan', 'Ryan', 'Ryan', 'Rye', 'Rylan', 'Ryland', 'Ryle', 'Ryyan', "Sa'eed", "Sa'id", 'Saabir', 'Saad', 'Saadiq', 'Saagar', 'Saahir', 'Saaid', 'Saajan', 'Saajid', 'Saakaar', 'Saaketh', 'Saalih', 'Saalim', 'Saam', 'Saamir', 'Saanjh', 'Saaras', 'Saariyah', 'Saatatya', 'Saatvik', 'Sabal', 'Sabarinathan', 'Sabastian', 'Sabbir', 'Sabeeh', 'Sabeer', 'Sabhya', 'Sabih', 'Sabir', 'Sabrang', 'Sacchidananda', 'Sachchit', 'Sachet', 'Sachetan', 'Sachh', 'Sachiel', 'Sachin', 'Sachish', 'Sachit', 'Sachiv', 'Sadabindu', 'Sadanand', 'Sadaqat', 'Sadar', 'Sadashiv', 'Sadashiva', 'Sadavir', 'Saddam', 'Saddiq', 'Sadeepan', 'Sadeeq', 'Sadgun', 'Sadhan', 'Sadhil', 'Sadik', 'Sadiq', 'Sadiva', 'Sadru', 'Saeed', 'Safal', 'Saffar', 'Safford', 'Safiy', 'Safwan', 'Sagan', 'Sagar', 'Sagardutt', 'Sage', 'Sagiv', 'Sagun', 'Saguna', 'Sahaj', 'Sahara', 'Saharsh', 'Sahas', 'Sahasrad', 'Sahastrabahu', 'Sahastrajit', 'Sahasya', 'Sahat', 'Sahay', 'Sahaya', 'Sahdev', 'Sahen', 'Sahib', 'Sahil', 'Sahir', 'Sahishnu', 'Sahit', 'Sai', 'Sai Satpurusha', 'Saiamartya', 'Saicharan', 'Said', 'Saideep', 'Saif', 'Saiid', 'Saija', 'Saijeevadhara', 'Saikalakala', 'SaiKalateeta', 'Saikiran', 'Sainath', 'Saipraasad', 'Saipratap', 'Sajaad', 'Sajad', 'Sajal', 'Sajan', 'Sajid', 'Sajiv', 'Sajiva', 'Sajjan', 'Saju', 'Sakaleshwar', 'Sakash', 'Saket', 'Saketh', 'Saketharaman', 'Saksham', 'Sakshum', 'Salah', 'Salah al Din', 'Salah Udeen', 'Salaj', 'Salarjung', 'Saleem', 'Saleh', 'Salem', 'Salih', 'Salil', 'Salim', 'Salim', 'Salman', 'Salokh', 'Saloman', 'Salton', 'Sam', 'Samabashiv', 'Samaj', 'Samajas', 'Samanyu', 'Samarendra', 'Samarendu', 'Samarjit', 'Samarpan', 'Samarth', 'Samavart', 'Samay', 'Sambaran', 'Sambha', 'Sambhav', 'Sambhddha', 'Sambit', 'Sambodh', 'Sambuddha', 'Samdarshi', 'Samee', 'Sameep', 'Sameer', 'Sameeullah', 'Sameh', 'Samen', 'Samendra', 'Samendu', 'Samesh', 'Samgram', 'Samhita', 'Sami', 'Samiir', 'Samik', 'Samil', 'Samin', 'Samir', 'Samiran', 'Samit', 'Samividhan', 'Sammad', 'Samman', 'Sammath', 'Sammuel', 'Sampada', 'Sampat', 'Sampath', 'Sampoorn', 'Sampson', 'Samranpal', 'Samrat', 'Samrudh', 'Samskar', 'Samskara', 'Samson', 'Samudra', 'Samudragupta', 'Samudrasen', 'Samuel', 'Samuell', 'Samvar', 'Samvath', 'Samyak', 'Sanaatan', 'Sanabhi', 'Sanat', 'Sanatan', 'Sanatana', 'Sanborn', 'Sanchay', 'Sanchit', 'Sancho', 'Sandeep', 'Sandeepan', 'Sandeepen', 'Sander', 'Sanders', 'Sandesh', 'Sandip', 'Sandipani', 'Sandy', 'Sangupt', 'Sanhata', 'Sanjay', 'Sanjeet', 'Sanjeev', 'Sanjef', 'Sanjit', 'Sanjith', 'Sanjiv', 'Sanjivan', 'Sanjog', 'Sankalp', 'Sankalpa', 'Sankara', 'Sankarshan', 'Sanket', 'Sankul', 'Sannath', 'Sannidhi', 'Sannigdh', 'Sanobar', 'Sanshray', 'Sansith', 'Sanskar', 'Santan', 'Santhosh', 'Santino', 'Santosh', 'Sanurag', 'Sanvit', 'Sanwariya', 'Sanyog', 'Sapan', 'Saprathas', 'Saptajit', 'Saptanshu', 'Saptarishi', 'Saqr', 'Saquib', 'Saral', 'Sarana', 'Sarang', 'Saransh', 'Saras', 'Sarasi', 'Sarasija', 'Sarasvat', 'Sarat', 'Sarat', 'Saravana', 'Sarayu', 'Sarbajit', 'Sarbani', 'Sargam', 'Sarin', 'Sarish', 'Sarit', 'Sarngin', 'Saroj', 'Sarojin', 'Sarojkant', 'Sartaj', 'Sarthak', 'Sarup', 'Sarva', 'Sarvad', 'Sarvadaman', 'Sarvadev', 'Sarvadharin', 'Sarvag', 'Sarvagny', 'Sarvak', 'Sarvambh', 'Sarvang', 'Sarvapalaka', 'Sarvashay', 'Sarvavas', 'Sarvendra', 'Sarvesh', 'Sarveshvara', 'Sarvotham', 'Sarwar', 'Sashang', 'Sashanth', 'Sashreek', 'Sashwat', 'Sasi', 'Sasidhar', 'Sasmit', 'Sasta', 'Satadev', 'Satamanyu', 'Satanand', 'Satayu', 'Sateendra', 'Satesh', 'Sathi', 'Sathindar', 'Sathwik', 'Satin', 'Satinath', 'Satindra', 'Satish', 'Satishchandra', 'Satkartar', 'Satpal', 'Satpati', 'Satrajit', 'Satrijit', 'Satruijt', 'Satvamohan', 'Satvat', 'Satveer', 'Satvik', 'Satvinder', 'Satwik', 'Satya', 'Satya Pramod', 'Satyadarshi', 'Satyadev', 'Satyajit', 'Satyak', 'Satyakaam', 'Satyakam', 'Satyaki', 'Satyam', 'Satyamurty', 'Satyanarayan', 'Satyankar', 'Satyaprakash', 'Satyapriya', 'Satyasheel', 'Satyashrawaa', 'Satyavaan', 'Satyavache', 'Satyavan', 'Satyavrat', 'Satyen', 'Satyendra', 'Saubal', 'Saubhadra', 'Saud', 'Saudeep', 'Saumit', 'Saumitr', 'Saumitra', 'Saumya', 'Saunak', 'Saurabh', 'Saurav', 'Saurjyesh', 'Sava', 'Savanth', 'Savar', 'Savio', 'Savir', 'Savit', 'Savitashri', 'Savitendra', 'Savith', 'Savya', 'Savya-saachee', 'Sawan', 'Sawyer', 'Sax', 'Saxon', 'Sayam', 'Sayed', 'Sayeshan', 'Sayf', 'Sayf Udeen', 'Sayid', 'Sayooj', 'Sayuj', 'Sayyid', 'Scot', 'Scott', 'Scottie', 'Scotty', 'Searle', 'Sebastiaan', 'Sedgely', 'Seeley', 'Seemanta', 'Seff', 'Seger', 'Seibert', 'Seif', 'Seif al Din', 'Sekhar', 'Sekhar', 'Selby', 'Selim', 'Selwyn', 'Sena', 'Senajit', 'Senthil', 'Servan', 'Seshadri', 'Seth', 'Setu', 'Seva', 'Sevak', 'Severn', 'Seward', 'Sewell', 'Seyed', 'Shaad', 'Shaady', 'Shaan', 'Shaandilya', 'Shaant', 'Shaarav', 'Shaardul', 'Shaashwat', 'Shaayal', 'Shabar', 'Shabeer-Ali', 'Shad', 'Shadab', 'Shadd', 'Shade', 'Shadi', 'Shael', 'Shafeeq', 'Shafi', 'Shafiq', 'Shagun', 'Shahalad', 'Shahid', 'Shahil', 'Shahnaaz', 'Shahnawaz', 'Shaik', 'Shail', 'Shaildhar', 'Shailen', 'Shailendra', 'Shailesh', 'Shakar', 'Shakeer', 'Shaker', 'Shakir', 'Shakti', 'Shaktidhar', 'Shakuni', 'Shakunt', 'Shakyasinha', 'Shalabh', 'Shalang', 'Shaligram', 'Shalik', 'Shalin', 'Shalina', 'Shaline', 'Shalmali', 'Shalya', 'Shamak', 'Shamakarn', 'Shambhavi', 'Shambhu', 'Shameek', 'Shami', 'Shamik', 'Shamindra', 'Shamir', 'Shamita', 'Shams', 'Shamus', 'Shanay', 'Shandar', 'Shankar', 'Shankarshan', 'Shankdhar', 'Shankh', 'Shankhapani', 'Shankhi', 'Shankhin', 'Shankir', 'Shanmukha', 'Shansa', 'Shantan', 'Shantanav', 'Shantanu', 'Shantashil', 'Shantidev', 'Shantimay', 'Shantinath', 'Shantiprakash', 'Shanyu', 'Shaquita', 'Sharad', 'Sharadchandra', 'Sharadendu', 'Sharan', 'Sharang', 'Sharat', 'Shardul', 'Shareef', 'Shari', 'Sharif', 'Sharu', 'Sharvarish', 'Shashank', 'Shashanka', 'Shashee', 'Shashi', 'Shashibhushan', 'Shashidhar', 'Shashikant', 'Shashikar', 'Shashikiran', 'Shashimohan', 'Shashin', 'Shashipushpa', 'Shashish', 'Shashishekhar', 'Shashvata', 'Shashwat', 'Shat-manyu', 'Shat-padm', 'Shataaneek', 'Shataayu', 'Shatadru', 'Shatarupa', 'Shatjit', 'Shatrughan', 'Shatrughna', 'Shatrujit', 'Shatrunjay', 'Shattesh', 'Shauchin', 'Shauna', 'Shaunak', 'Shaunn', 'Shaurav', 'Shauri', 'Shaurya', 'Shaw', 'Shay', 'Shayaan', 'Shayel', 'Shaylan', 'Sheehan', 'Sheffield', 'Sheil', 'Shekhar', 'Shel', 'Shereef', 'Sherif', 'Sherill', 'Sherlock', 'Sherman', 'Sherwin', 'Shesanand', 'Shesh', 'Sheshdhar', 'Shevantilal', 'Shiamak', 'Shibhya', 'Shibil', 'Shighra', 'Shihab', 'Shikhandin', 'Shikhar', 'Shilang', 'Shilish', 'Shiloh', 'Shimah', 'Shineyu', 'Shinjan', 'Shipirist', 'Shipivishta', 'Shipley', 'Shirdi Prasad', 'Shirish', 'Shirom', 'Shiromani', 'Shishir', 'Shishirchandra', 'Shishirkana', 'Shishirkumar', 'Shishul', 'Shishupal', 'Shitikanth', 'Shitiz', 'Shiv', 'Shivadev', 'Shivam', 'Shivanand', 'Shivanath', 'Shivank', 'Shivankh', 'Shivansh', 'Shivas', 'Shivasunu', 'Shiven', 'Shivendra', 'Shivendu', 'Shivesh', 'Shivesh', 'Shiveshvar', 'Shivkumar', 'Shivlal', 'Shivraj', 'Shivram', 'Shivshankar', 'Shivshekhar', 'Shlesh', 'Shlok', 'Shobhan', 'Shobhit', 'Sholk', 'Shoor', 'Shoora', 'Shoorsen', 'Shorya', 'Shoubhit', 'Shourya', 'Shraunak', 'Shravan', 'Shravana', 'Shravankumar', 'Shray', 'Shree', 'Shreedhar', 'Shreeharsh', 'Shreekant', 'Shreekrishna', 'Shreekumar', 'Shreeman', 'Shreepriya', 'Shreepushp', 'Shreerang', 'Shreesh', 'Shreevallabh', 'Shrenik', 'Shreshta', 'Shresth', 'Shresthi', 'Shrey', 'Shreyank', 'Shreyansh', 'Shreyas', 'Shreyash', 'Shrida', 'Shridhar', 'Shrigopal', 'Shrihan', 'Shrihari', 'Shrikant', 'Shrikanta', 'Shrikar', 'Shrikeshav', 'Shrikrishna', 'Shrikumar', 'Shrimat', 'Shrimate', 'Shrimohan', 'Shrinand', 'Shrinath', 'Shringesh', 'Shriniketan', 'Shrinivas', 'Shripad', 'Shripadma', 'Shripal', 'Shripati', 'Shriram', 'Shrirang', 'Shriranga', 'Shriranjan', 'Shrisha', 'Shrivarah', 'Shrivardhan', 'Shrivas', 'Shrivatsa', 'Shrivatsav', 'Shriyadita', 'Shriyan', 'Shriyans', 'Shrot', 'Shrutakeerti', 'Shrutik', 'Shubendra', 'Shubh', 'Shubhaksh', 'Shubham', 'Shubhan', 'Shubhang', 'Shubhankar', 'Shubhashis', 'Shubhasunad', 'Shubhay', 'Shubhendu', 'Shubhojit', 'Shubhranshu', 'Shubhratho', 'Shuddhashil', 'Shuk', 'Shukla', 'Shukra', 'Shuktij', 'Shulabh', 'Shulamith', 'Shulandhar', 'Shulin', 'Shuna', 'Shushil', 'Shvant', 'Shvetambar', 'Shvetang', 'Shvetank', 'Shvetanshu', 'Shvetavah', 'Shwas', 'Shwetambar', 'Shwetbhanu', 'Shyam', 'Shyamak', 'Shyamal', 'Shyamantak', 'Shyamsunder', 'Siamak', 'Sidak', 'Siddak', 'Siddel', 'Siddha', 'Siddhadev', 'Siddhanath', 'Siddhanta', 'Siddharth', 'Siddharth', 'Siddhartha', 'Siddhesh', 'Siddheshwar', 'Siddhi', 'Siddhraj', 'Siddid', 'Sikandar', 'Silas', 'Sim', 'Simmon', 'Simon', 'Simrit', 'Sincere', 'Sindhu', 'Sindhunath', 'Sinha', 'Sinhag', 'Sinhvahan', 'Sinjon', 'Siraaj', 'Siraj', 'Sitakanta', 'Sitanshu', 'Sitaram', 'Sitikantha', 'Siva', 'Sivan', 'Sivanta', 'Sixte', 'Skand', 'Skithika', 'Slade', 'Smarajit', 'Smaran', 'Smedley', 'Smeet', 'Smiren', 'Smit', 'Smith', 'Smrita', 'Smritiman', 'Sneagen', 'Snehakant', 'Snehal', 'Snehanshn', 'Snehil', 'Snehin', 'Snigdhavarna', 'Snithik', 'Sofian', 'Sohail', 'Soham', 'Sohan', 'Sohan', 'Sohil', 'Sohum', 'Sokanathan', 'Soleil', 'Solomon', 'Som', 'Somadev', 'Somali', 'Somansh', 'Somanshu', 'Somashekhar', 'Somasindhu', 'Somendra', 'Somesh', 'Someshwar', 'Somkar', 'Somnath', 'Somprakash', 'Son', 'Sonit', 'Sonny', 'Sopaan', 'Sorren', 'Sou', 'Soumava', 'Soumendra', 'Soumil', 'Sourabh', 'Sourish', 'Sourja', 'Spark', 'Sparsh', 'Spear', 'Speedy', 'Spence', 'Spencer', 'Spike', 'Sreenand', 'Sreenath', 'Sreevalsan', 'Sreevedh', 'Sri Krishna Deva Rayalu', 'Sriashwin', 'Sridatta', 'Sridhar', 'Srihith', 'Srijan', 'Srijesh', 'Srikant', 'Srikar', 'Srinesh', 'Srinish', 'Srinivas', 'Sriraj', 'Sriram', 'Srivant', 'Srivar', 'Srivatsav', 'Srujan', 'Ssukumar', 'St', 'Stan', 'Stanley', 'Stavya', 'Stavya', 'Steeve', 'Steeven', 'Stefano', 'Steffan', 'Steffano', 'Steph', 'Stephen', 'Stephenson', 'Sterlin', 'Sterne', 'Stetson', 'Stevenn', 'Stevens', 'Stevie', 'Stewart', 'Sthavir', 'Sthir', 'Stoker', 'Stone', 'Stoney', 'Storm', 'Stotri', 'Stover', 'Stowe', 'Stu', 'Stuart', "Su'ud", 'Sual', 'Subaahu', 'Subal', 'Subali', 'Subandhu', 'Subash', 'Subbarao', 'Subeer', 'Subhadr', 'Subhag', 'Subhan', 'Subhang', 'Subhas', 'Subhash', 'Subhendu', 'Subhi', 'Subhradip', 'Subhy', 'Subinay', 'Subodh', 'Subrahmanya', 'Subratah', 'Sucharit', 'Suchendra', 'Suchet', 'Suchin', 'Suchir', 'Suchit', 'Sudalai', 'Sudama', 'Sudarshan', 'Suday', 'Sudeep', 'Sudeepta', 'Sudesh', 'Sudesha', 'Sudev', 'Sudeva', 'Sudhakar', 'Sudhamay', 'Sudhan', 'Sudhang', 'Sudhanshu', 'Sudhanssu', 'Sudhanvan', 'Sudhendra', 'Sudhi', 'Sudhindra', 'Sudhir', 'Sudhish', 'Sudhit', 'Sudhith', 'Sudin', 'Sudip', 'Sudir', 'Suffield', 'Sugandh', 'Sugata', 'Sugden', 'Sughosh', 'Sugreev', 'Sugriva', 'Suhail', 'Suhas', 'Suhayb', 'Suhayl', 'Suhrid', 'Suhrit', 'Suhruda', 'Sujal', 'Sujan', 'Sujash', 'Sujat', 'Sujay', 'Sujendran', 'Sujetu', 'Sujit', 'Suka', 'Sukant', 'Sukarma', 'Sukarman', 'Sukesh', 'Suketu', 'Sukhajat', 'Sukhakar', 'Sukhamay', 'Sukhashakt', 'Sukhdev', 'Sukhesh', 'Sukhwant', 'Sukrant', 'Sukrit', 'Sukumar', 'Sukumara', 'Sukumaran', 'Sulabh', 'Sulaiman', 'Sulalit', 'Sulayman', 'Suleiman', 'Sulek', 'Sulekh', 'Sully', 'Suloch', 'Sulochan', 'Sulochna', 'Sumadhur', 'Suman', 'Sumangal', 'Sumant', 'Sumanta', 'Sumantra', 'Sumantu', 'Sumanyu', 'Sumatinath', 'Sumay', 'Sumed', 'Sumedh', 'Sumeer', 'Sumeet', 'Sumeet', 'Sumeru', 'Sumesh', 'Sumiran', 'Sumit', 'Sumitr', 'Sumitranandan', 'Sumukh', 'Sunam', 'Sunand', 'Sunandan', 'Sunar', 'Sunashi', 'Sunay', 'Sunchit', 'Sundar', 'Sundara', 'Sunder', 'Suneet', 'Sunhith', 'Sunil', 'Sunirmal', 'Sunjeev', 'Suoud', 'Suparn', 'Supash', 'Suprabhaat', 'Suprakash', 'Suprasanna', 'Supratik', 'Supratim', 'Supreet', 'Suprit', 'Sur', 'Suradhish', 'Suradip', 'Suragan', 'Suraj', 'Surajit', 'Surajiv', 'Suram', 'Suran', 'Suranjan', 'Surarihan', 'Suras', 'Surbhup', 'Surdaas', 'Surdeep', 'Suren', 'Surendra', 'Suresh', 'Sureshwar', 'Suri', 'Surjeet', 'Surnath', 'Surshri', 'Surup', 'Surush', 'Surya', 'Suryaansh', 'Suryabhan', 'Suryadev', 'Suryakant', 'Suryakanta', 'Suryanshu', 'Suryaprakash', 'Suryashankar', 'Suryaveer', 'Suryesh', 'Susadh', 'Susen', 'Sushant', 'Sushanta', 'Sushen', 'Susher', 'Sushil', 'Sushim', 'Sushobhan', 'Sushrut', 'Sushruta', 'Susil', 'Sutantu', 'Sutapa', 'Sutara', 'Sutej', 'Sutejas', 'Sutirth', 'Sutosh', 'Sutoya', 'Sutton', 'Suvan', 'Suvarn', 'Suvas', 'Suvel', 'Suvidh', 'Suvimal', 'Suvir', 'Suvrata', 'Suyamun', 'Suyash', 'Suyati', 'Svamin', 'Svaminath', 'Svang', 'Svanik', 'Svar', 'Svaraj', 'Svarg', 'Svarna', 'Svarpati', 'Svayambhu', 'Svayambhut', 'Swadhin', 'Swagat', 'Swain', 'Swajith', 'Swaley', 'Swami', 'Swaminath', 'Swannee', 'Swapan', 'Swapnesh', 'Swapnil', 'Swaraj', 'Swarit', 'Swarnapurishwara', 'Swarup', 'Swastik', 'Swastika', 'Swatantar', 'Swayambhu', 'Swayan', 'Sweshik', 'Swetaketu', 'Swethan', 'Swindel', 'Swinford', 'Swithbert', 'Syamantak', 'Syon', 'Syon', 'Syum', 'Syun', 'Taahir', 'Taamir', 'Taarank', 'Taariq', 'Taavon', 'Tabari', 'Tabner', 'Tabrez', 'Tad', 'Tadd', 'Tadleigh', 'Taft', 'Taha', 'Tahir', 'Tahoma', 'Tahseen', 'Tajdar', 'Taksa', 'Taksha', 'Takshak', 'Taksheel', 'Talaketu', 'Talal', 'Talank', 'Talen', 'Talha', 'Talib', 'Talin', 'Talish', 'Tallon', 'Talon', 'Tamal', 'Tamam', 'Tamas', 'Tamila', 'Tamir', 'Tamish', 'Tamkinat', 'Tamoghna', 'Tamonash', 'Tana', 'Tanak', 'Tanav', 'Tanay', 'Tandie', 'Taner', 'Tanish', 'Tanishq', 'Tanmay', 'Tannin', 'Tanny', 'Tanuj', 'Tanul', 'Tanush', 'Tanveer', 'Tanvir', 'Tapan', 'Tapas', 'Tapasendra', 'Tapasranjan', 'Tapendra', 'Tapesh', 'Tapeshwar', 'Tapomay', 'Taporaj', 'Tarachand', 'Tarachandra', 'Taradhish', 'Tarak', 'Tarakesh', 'Tarakeshwar', 'Taraknath', 'Taraksh', 'Taral', 'Taran', 'Tarang', 'Taranga', 'Tarani', 'Taranjot', 'Taraprashad', 'Tareef', 'Tarek', 'Tarendra', 'Tareq', 'Taresh', 'Tarfah', 'Tarif', 'Tarik', 'Tariq', 'Tarit', 'Tarosh', 'Tarpan', 'Tarrik', 'Taru', 'Tarun', 'Taruntapan', 'Tarusa', 'Tarver', 'Tathagat', 'Tatharaj', 'Tatya', 'Tautik', 'Tavarris', 'Tavian', 'Tavish', 'Tavonn', 'Tawfeeq', 'Tawfiq', 'Taymullah', 'Tayseer', 'Taysir', 'Tayyib', 'Teale', 'Ted', 'Tedd', 'Teddy', 'Teerth', 'Teerthankar', 'Tegvir', 'Tej', 'Tejal', 'Tejas', 'Tejesh', 'Tejeshwar', 'Tejomay', 'Teller', 'Telmo', 'Tennant', 'Tennyson', 'Teo', 'Terry', 'Tetley', 'Thaabit', 'Thabit', 'Thakarshi', 'Thakur', 'Thaman', 'Thaqib', 'Thashan', 'Thavanesh', 'Thaw', 'Thayalan', 'Thel', 'Theo', 'Therron', 'Thom', 'Thomas', 'Thomass', 'Thommas', 'Thompson', 'Thorley', 'Thormond', 'Thorne', 'Thornley', 'Thulasitharan', 'Tiago', 'Tige', 'Tighe', 'Tijil', 'Tilak', 'Timin', 'Timm', 'Timmothy', 'Timmy', 'Timothhy', 'Timothy', 'Timothyy', 'Tirranand', 'Tirtha', 'Tirthankar', 'Tirthayaad', 'Tirumala', 'Tirupathi', 'Tisyaketu', 'Titir', 'Tobby', 'Tobias', 'Tod', 'Todd', 'Toft', 'Toller', 'Tom', 'Tomm', 'Toms', 'Toney', 'Toni', 'Tonny', 'Tony', 'Torey', 'Torr', 'Torrey', 'Torry', 'Tory', 'Toshan', 'Toya', 'Toyesh', 'Trader', 'Trae', 'Trai', 'Trailokva', 'Trambak', 'Traviss', 'Travonn', 'Tray', 'Trayton', 'Trea', 'Trevin', 'Trevion', 'Trevonn', 'Trevvor', 'Trey', 'Treyton', 'Tri', 'Triambak', 'Tribhuvan', 'Tridev', 'Tridhaman', 'Tridhatri', 'Tridib', 'Tridiva', 'Trigun', 'Trigya', 'Trijal', 'Trikay', 'Trikshay', 'Trilochan', 'Trilok', 'Trilokanath', 'Trilokchand', 'Trilokesh', 'Trimaan', 'Trimurti', 'Trinabh', 'Trinath', 'Trinay', 'Trinayan', 'Tripp', 'Tripurajit', 'Tripurari', 'Trisanu', 'Trisha', 'Trishanku', 'Trishar', 'Trishul', 'Trishulank', 'Trishulin', 'Trivikram', 'Trot', 'Tuan', 'Tufan', 'Tuhin', 'Tuhinsurra', 'Tuka', 'Tukaram', 'Tulasidas', 'Tulsidaas', 'Tulsidas', 'Tulsikumar', 'Tunava', 'Tunda', 'Tunganath', 'Tungar', 'Tungesh', 'Tungeshwar', 'Tungish', 'Turag', 'Turanyu', 'Turvasu', 'Tushaar', 'Tushar', 'Tusharkanti', 'Tusharsuvra', 'Tusya', 'Tuvidyumna', 'Tuvijat', 'Twain', 'Ty', 'Tyaagaraaj', 'Tyagraja', 'Tycho', 'Tychon', 'Tye', 'Tyee', 'Tylar', 'Tylor', 'Tyquann', 'Tyrel', 'Tyronn', 'Tyronne', 'Tyrrel', 'Tyrrell', 'Ubaadah', 'Ubadah', 'Ubaid', 'Ubaida', 'Ubaidah', 'Ubay', 'Ubayy', 'Uchadev', 'Uchit', 'Udant', 'Udar', 'Udarathi', 'Udarchis', 'Udarsh', 'Uday', 'Udayachal', 'Udayan', 'Udbal', 'Udbhav', 'Uddhar', 'Uddhav', 'Uddip', 'Uddiran', 'Uddish', 'Uddiyan', 'Uddunath', 'Udeep', 'Udeh', 'Udit', 'Udu', 'Udupati', 'Uduraj', 'Udyam', 'Udyan', 'Uehudah', 'Ugresh', 'Ujagar', 'Ujas', 'Ujendra', 'Ujesh', 'Ujjay', 'Ujjwal', 'Ujval', 'Ujwal', 'Ulhas', 'Ullas', 'Ulmer', 'Ulmuk', 'Ulric', 'Ulrich', 'Umaarah', 'Umair', 'Umakant', 'Umanand', 'Umang', 'Umaprasad', 'Umar', 'Umarah', 'Umashankar', 'Umayr', 'Umberto', 'Umed', 'Umesh', 'Umeshwar', 'Unmesh', 'Unnabh', 'Unnat', 'Unnatish', 'Upagupta', 'Upamanyu', 'Upendra', 'Uppas', 'Uqbah', 'Urav', 'Uri', 'Uriah', 'Uriel', 'Urjani', 'Urmiya', 'Urugay', 'Urvang', 'Urvish', 'Usaamah', 'Usama', 'Usamah', 'Ushakanta', 'Ushangu', 'Usher', 'Ushnisin', 'Usman', 'Utanka', 'Utbah', 'Uthman', 'Utkarsh', 'Utkarsha', 'Utpal', 'Utpalaksh', 'Utsav', 'Uttal', 'Uttam', 'Uttamesh', 'Uttar', 'Uttarak', 'Uttiya', 'Uzair', 'Uzi', 'Vaachaspati', 'Vaageesh', 'Vaakpati', 'Vaalmeeki', 'Vaaman', 'Vaamdev', 'Vaanee', 'Vaarshaney', 'Vaasavadatta', 'Vaasuki', 'Vaatsyaayan', 'Vaayu', 'Vachan', 'Vachaspati', 'Vadin', 'Vadish', 'Vagindra', 'Vagish', 'Vahin', 'Vaibhav', 'Vaidyanaath', 'Vaijayi', 'Vaijnath', 'Vaikartan', 'Vaikhan', 'Vaikunth', 'Vaikunth-nath', 'Vail', 'Vainavin', 'Vairaj', 'Vairaja', 'Vairat', 'Vairinchya', 'Vairochan', 'Vaisaka', 'Vaishant', 'Vaishnav', 'Vaishwaanar', 'Vaiwaswat', 'Vajasani', 'Vajendra', 'Vajraang', 'Vajrabaahu', 'Vajradhar', 'Vajrahast', 'Vajrajit', 'Vajrakaya', 'Vajraksha', 'Vajramani', 'Vajrapaani', 'Vajrin', 'Vakrabhuj', 'Vakratund', 'Valaak', 'Valentin', 'Valentino', 'Vallabh', 'Valmiki', 'Vama', 'Vamadev', 'Vamsi', 'Vamsidhar', 'Vamsikrishna', 'Van-raaj', 'Vanabihari', 'Vanad', 'Vanadev', 'Vanajit', 'Vanamalin', 'Vance', 'Vandan', 'Vanhi', 'Vanij', 'Vaninadh', 'Vaninath', 'Vanmaalee', 'Vansh', 'Vansheedhar', 'Vanshya', 'Vansidhar', 'Vara', 'Varaah', 'Varaahamihir', 'Varad', 'Varadaraaj', 'Varadraj', 'Varana', 'Vardhaman', 'Vardhan', 'Varen', 'Varendra', 'Varesh', 'Vareshvar', 'Varid', 'Varidhvaran', 'Varij', 'Varin', 'Varindra', 'Varish', 'Variya', 'Variyas', 'Varshit', 'Vartanu', 'Varun', 'Varunesh', 'Vasant', 'Vasantamaalika', 'Vasav', 'Vasava', 'Vasavaj', 'Vasavi', 'Vaschel', 'Vashisht', 'Vasisht', 'Vasistha', 'Vasu', 'Vasudev', 'Vasuki', 'Vasuman', 'Vasumat', 'Vasumitr', 'Vasupati', 'Vasur', 'Vasuroop', 'Vasusen', 'Vatatmaj', 'Vatradhara', 'Vatsa', 'Vatsal', 'Vatsapal', 'Vatsar', 'Vatsin', 'Vaydeesh', 'Vayu', 'Vayujat', 'Vayun', 'Vayunand', 'Vayya', 'Vea', 'Ved', 'Ved-vyaas', 'Vedamohan', 'Vedang', 'Vedanga', 'Vedant', 'Vedanth', 'Vedaprakash', 'Vedatman', 'Vedatmane', 'Vedavrata', 'Vedbhushan', 'Vedesh', 'Vedmohan', 'Vedprakash', 'Vedswarup', 'Veekshith', 'Veer', 'Veerbhadra', 'Veerendra', 'Veerottam', 'Velan', 'Venavir', 'Veni', 'Venimadhav', 'Venkat', 'Venkataramananandan', 'Venkatesh', 'Venkateswara', 'Venu', 'Venugopal', 'Venumadhav', 'Vered', 'Veydant', 'Viamrsh', 'Vibhaakar', 'Vibhaavasu', 'Vibhas', 'Vibhat', 'Vibhavasu', 'Vibhishan', 'Vibhor', 'Vibhu', 'Vibhumat', 'Vibhusnu', 'Vibhut', 'Vibodh', 'Vic', 'Vicente', 'Victor', 'Vidarbh', 'Videh', 'Vidhatru', 'Vidhesh', 'Vidhu', 'Vidhyadhar', 'Vidip', 'Vidit', 'Vidojas', 'Vidur', 'Vidvan', 'Vidvatam', 'Vidyaaranya', 'Vidyacharan', 'Vidyadhar', 'Vidyaranya', 'Vidyasagar', 'Vidyut', 'Vighnajit', 'Vighnaraaj', 'Vighnesh', 'Vighneshwar', 'Vigrah', 'Vihaan', 'Vihang', 'Vihanga', 'Vihari', 'Vijay', 'Vijayant', 'Vijayarathna', 'Vijayendra', 'Vijayesh', 'Vijayketu', 'Vijendra', 'Vijeta', 'Vijigeesh', 'Vijul', 'Vijval', 'Vikarnan', 'Vikas', 'Vikash', 'Vikat', 'Vikern', 'Vikesh', 'Vikram', 'Vikramaditya', 'Vikramajit', 'Vikramendra', 'Vikramin', 'Vikrant', 'Viksar', 'Viktor', 'Vikunth', 'Vikyaath', 'Vilaas', 'Vilas', 'Vilasin', 'Vilkesh', 'Vilochan', 'Vilohit', 'Vilok', 'Vilokan', 'Vimal', 'Vimal', 'Vimaladitya', 'Vimalmani', 'Vimridh', 'Vinaayak', 'Vinahast', 'Vinamr', 'Vinay', 'Vinayak', 'Vince', 'Vincent', 'Vincente', 'Vincenzo', 'Vineet', 'Vinesh', 'Vinil', 'Vinny', 'Vinochan', 'Vinod', 'Vinoo', 'Vinson', 'Vipan', 'Vipaschit', 'Vipin', 'Vipinbehari', 'Viplab', 'Viplav', 'Vipra', 'Vipreet', 'Vipul', 'Vir', 'Viraaj', 'Viraat', 'Virabhadra', 'Viraj', 'Viral', 'Viranath', 'Viranchi', 'Virasana', 'Virat', 'Virata', 'Virbhanu', 'Virendra', 'Viresh', 'Vireshvar', 'Virikvas', 'Virinchi', 'Virochan', 'Virudh', 'Virurch', 'Visaish', 'Visamaksh', 'Vishaal', 'Vishaalaaksh', 'Vishak', 'Vishakh', 'Vishal', 'Vishalaksh', 'Vishalya', 'Vishantak', 'Vishatan', 'Vishesh', 'Vishikh', 'Vishmati', 'Vishnahpu', 'Vishnu', 'Vishnu', 'Vishnudev', 'Vishnudutt', 'Vishodhan', 'Vishram', 'Vishresh', 'Vishrut', 'Vishruth', 'Vishtasp', 'Vishv', 'Vishva', 'Vishvadev', 'Vishvadhar', 'Vishvag', 'Vishvahetu', 'Vishvajit', 'Vishvakarma', 'Vishvaketu', 'Vishvam', 'Vishvamitra', 'Vishvanaath', 'Vishvanabh', 'Vishvanath', 'Vishvaretas', 'Vishvas', 'Vishvatma', 'Vishvesh', 'Vishwaamitra', 'Vishwaas', 'Vishwajeet', 'Vishwakarma', 'Vishwambhar', 'Vishwamitra', 'Vishwanath', 'Vishwankar', 'Vishwaroop', 'Vishwas', 'Vishwatma', 'Vishweshwar', 'Viskheet', 'Vismay', 'Visu', 'Visvajit', 'Visvayu', 'Viswanath', 'Viswas', 'Vitabhay', 'Vitaharya', 'Vitashokha', 'Vitasta', 'Vithala', 'Vito', 'Vitola', 'Vittanath', 'Vittesh', 'Vitthal', 'Vivaan', 'Vivash', 'Vivaswat', 'Vivatma', 'Vivek', 'Vivekananda', 'Vizivit', 'Vrajakishore', 'Vrajalal', 'Vrajamohan', 'Vrajanadan', 'Vrajesh', 'Vrajkishore', 'Vrajmohan', 'Vrajraj', 'Vratesh', 'Vrisa', 'Vrisag', 'Vrisan', 'Vrisangan', 'Vrisapati', 'Vrishab', 'Vrishabh', 'Vrishabhaanu', 'Vrishank', 'Vrishin', 'Vrisini', 'Vritansh', 'Vyan', 'Vyas', 'Vyasa', 'Vyom', 'Vyomaang', 'Vyomakesh', 'Vyoman', 'Vyomdev', 'Vyomesh', 'Vyshnav', "Wa'il", "Waa'il", 'Waahid', 'Wadee', 'Wadee', 'Wadi', 'Wael', 'Wafeeq', 'Wafi', 'Wafiq', 'Wahab', 'Wahid', 'Wain', 'Waite', 'Wajeeh', 'Wajih', 'Wake', 'Wakeel', 'Wakely', 'Wakil', 'Walby', 'Walden', 'Waldron', 'Waleed', 'Wales', 'Walid', 'Waliyudeen', 'Waliyullah', 'Walleed', 'Walliyullah', 'Wally', 'Walsh', 'Walt', 'Walton', 'Walwyn', 'Waman', 'Wamika', 'Warden', 'Wardley', 'Ware', 'Warick', 'Warley', 'Warton', 'Wasan', 'Waseem', 'Wasim', 'Watkins', 'Watson', 'Wayde', 'Waylon', 'Wayne', 'Waynne', 'Wazir', 'Webb', 'Webley', 'Welsh', 'Wendel', 'Wensley', 'Werner', 'Wesley', 'Wesly', 'Wessley', 'Westin', 'Westley', 'Weylin', 'Whit', 'Whitey', 'Wickham', 'Wilbur', 'Wiley', 'Wilfredo', 'Wilkie', 'Wilkins', 'Wilkinson', 'Willbert', 'Willem', 'Willfred', 'Willfredo', 'William', 'Wills', 'Willson', 'Wilson', 'Wilton', 'Winchell', 'Windell', 'Windsor', 'Winfred', 'Winn', 'Winston', 'Wrisley', 'Wriston', 'Wybert', 'Wyconda', 'Wylie', 'Wymer', 'Wyn', 'Wynton', 'Xaviar', 'Xavier', 'Xavior', 'Xerxes', 'Xylon', 'Xzavier', "Ya'qub", 'Yaagnik', 'Yaakov', 'Yaaseen', 'Yaasir', 'Yadav', 'Yadavendra', 'Yadhokshaja', 'Yadid', 'Yadon', 'Yadu', 'Yadunandan', 'Yadunath', 'Yaduraj', 'Yaduvir', 'Yagil', 'Yagna', 'Yagnesh', 'Yagya', 'Yagyasen', 'Yagyesh', 'Yahyaa', 'Yahyah', 'Yaj', 'Yajat', 'Yajnadhar', 'Yajnarup', 'Yajnesh', 'Yakir', 'Yakov', 'Yaksha', 'Yale', 'Yamahil', 'Yamajit', 'Yamajith', 'Yamal', 'Yaman', 'Yamir', 'Yan', 'Yaphet', 'Yaqoob', 'Yaqub', 'Yardley', 'Yarin', 'Yaron', 'Yasaar', 'Yasar', 'Yaseen', 'Yaseer', 'Yaser', 'Yash', 'Yash', 'Yashas', 'Yashmit', 'Yashodev', 'Yashodhan', 'Yashodhar', 'Yashovardhana', 'Yashovarman', 'Yashpal', 'Yashraj', 'Yashvasin', 'Yashwant', 'Yasiin', 'Yasin', 'Yasine', 'Yasir', 'Yasser', 'Yassine', 'Yassir', 'Yasti', 'Yates', 'Yatharth', 'Yathavan', 'Yatin', 'Yatindra', 'Yatish', 'Yatiyasa', 'Yatnesh', 'Yayati', 'Yayin', 'Yazeed', 'Yazid', 'Yehuda', 'Yehudah', 'Yitro', 'Yoel', 'Yogadeva', 'Yoganand', 'Yoganidra', 'Yogendra', 'Yogesh', 'Yogi', 'Yoginampati', 'Yogine', 'Yogini', 'Yogiraj', 'Yojit', 'Yonah', 'Yoonus', 'Yoosuf', 'Yorick', 'York', 'Yosef', 'Yossef', 'Yousef', 'Youssef', 'Yudhajit', 'Yudhishthir', 'Yudhisthir', 'Yug', 'Yuga', 'Yugandhar', 'Yugantar', 'Yugendrao', 'Yugma', 'Yule', 'Yunus', 'Yusef', 'Yushua', 'Yussuf', 'Yusu', 'Yusuf', 'Yuval', 'Yuvaraj', 'Yuvraj', 'Yuyutsu', 'Zaafir', 'Zaahid', 'Zaahir', 'Zaaire', 'Zabian', 'Zabien', 'Zabulon', 'Zac', 'Zacarias', 'Zacary', 'Zaccary', 'Zacchary', 'Zaccheo', 'Zach', 'Zachariah', 'Zacharias', 'Zacharry', 'Zachary', 'Zack', 'Zafar', 'Zafir', 'Zaheer', 'Zahi', 'Zahid', 'Zahier', 'Zahin', 'Zahir', 'Zahire', 'Zaid', 'Zaiden', 'Zaigham', 'Zaim', 'Zain', 'Zak', 'Zakai', 'Zakariya', 'Zakariyya', 'Zakary', 'Zaki', 'Zakir', 'Zakiy', 'Zakk', 'Zakkary', 'Zalman', 'Zamrakta', 'Zane', 'Zantarava', 'Zarann', 'Zared', 'Zarmin', 'Zashil', 'Zavad', 'Zayd', 'Zayne', 'Zayyan', 'Zazu', 'Zeb', 'Zebadiah', 'Zebediah', 'Zebidiah', 'Zebulon', 'Zebulun', 'Zecharia', 'Zechariah', 'Zed', 'Zeeshan', 'Zehaan', 'Zeke', 'Zephan', 'Zev', 'Ziad', 'Ziff', 'Ziion', 'Zikomo', 'Zion', 'Zionn', 'Zisyarupin', 'Ziv', 'Ziyaad', 'Ziyad', 'Zobhana', 'Zohaib', 'Zola', 'Zravasya', 'Zrimat', 'Zubair', 'Zubayr']